additional_support_fee,device_discount_24,device_name,manufacturer,plan_discount_24,public_support_fee,release_price,carrier,plan_type,plan_name,monthly_fee,crawled_at
75000,35000,갤럭시 S25 엣지 512GB,삼성,0,500000,1639000,KT,5G,넷플릭스 초이스 프리미엄,130000,2025-06-08 22:43:45
75000,35000,갤럭시 S25 엣지 256GB,삼성,0,500000,1496000,KT,5G,넷플릭스 초이스 프리미엄,130000,2025-06-08 22:43:45
105000,265000,갤럭시 S25 Ultra 1TB,삼성,0,700000,2127400,KT,5G,넷플릭스 초이스 프리미엄,130000,2025-06-08 22:43:45
105000,265000,갤럭시 S25 Ultra 512GB,삼성,0,700000,1841400,KT,5G,넷플릭스 초이스 프리미엄,130000,2025-06-08 22:43:45
105000,265000,갤럭시 S25 Ultra 256GB,삼성,0,700000,1698400,KT,5G,넷플릭스 초이스 프리미엄,130000,2025-06-08 22:43:45
105000,265000,갤럭시 S25+ 512GB,삼성,0,700000,1496000,KT,5G,넷플릭스 초이스 프리미엄,130000,2025-06-08 22:43:45
105000,265000,갤럭시 S25+ 256GB,삼성,0,700000,1353000,KT,5G,넷플릭스 초이스 프리미엄,130000,2025-06-08 22:43:45
105000,265000,갤럭시 S25 512GB,삼성,0,700000,1298000,KT,5G,넷플릭스 초이스 프리미엄,130000,2025-06-08 22:43:45
105000,265000,갤럭시 S25 256GB,삼성,0,700000,1155000,KT,5G,넷플릭스 초이스 프리미엄,130000,2025-06-08 22:43:45
105000,265000,갤럭시 S25 크록스 토이스토리 에디션 256GB,삼성,0,700000,1177000,KT,5G,넷플릭스 초이스 프리미엄,130000,2025-06-08 22:43:45
105000,265000,iPhone 16 Pro Max 1TB,기타,0,700000,2497000,KT,5G,넷플릭스 초이스 프리미엄,130000,2025-06-08 22:43:45
105000,265000,iPhone 16 Pro Max 512GB,기타,0,700000,2200000,KT,5G,넷플릭스 초이스 프리미엄,130000,2025-06-08 22:43:45
105000,265000,iPhone 16 Pro Max 256GB,기타,0,700000,1892000,KT,5G,넷플릭스 초이스 프리미엄,130000,2025-06-08 22:43:46
105000,265000,iPhone 16 Pro 1TB,기타,0,700000,2299000,KT,5G,넷플릭스 초이스 프리미엄,130000,2025-06-08 22:43:46
105000,265000,iPhone 16 Pro 512GB,기타,0,700000,1991000,KT,5G,넷플릭스 초이스 프리미엄,130000,2025-06-08 22:43:46
105000,265000,iPhone 16 Pro 256GB,기타,0,700000,1694000,KT,5G,넷플릭스 초이스 프리미엄,130000,2025-06-08 22:43:46
105000,265000,iPhone 16 Pro 128GB,기타,0,700000,1540000,KT,5G,넷플릭스 초이스 프리미엄,130000,2025-06-08 22:43:46
105000,265000,iPhone 16 Plus 512GB,기타,0,700000,1793000,KT,5G,넷플릭스 초이스 프리미엄,130000,2025-06-08 22:43:46
105000,265000,iPhone 16 Plus 256GB,기타,0,700000,1496000,KT,5G,넷플릭스 초이스 프리미엄,130000,2025-06-08 22:43:46
105000,265000,iPhone 16 Plus 128GB,기타,0,700000,1342000,KT,5G,넷플릭스 초이스 프리미엄,130000,2025-06-08 22:43:46
105000,265000,iPhone 16 512GB,기타,0,700000,1694000,KT,5G,넷플릭스 초이스 프리미엄,130000,2025-06-08 22:43:46
105000,265000,iPhone 16 256GB,기타,0,700000,1397000,KT,5G,넷플릭스 초이스 프리미엄,130000,2025-06-08 22:43:46
105000,265000,iPhone 16 128GB,기타,0,700000,1243000,KT,5G,넷플릭스 초이스 프리미엄,130000,2025-06-08 22:43:46
75000,35000,iPhone 16e 512GB,기타,0,500000,1430000,KT,5G,넷플릭스 초이스 프리미엄,130000,2025-06-08 22:43:46
75000,35000,iPhone 16e 256GB,기타,0,500000,1133000,KT,5G,넷플릭스 초이스 프리미엄,130000,2025-06-08 22:43:48
75000,35000,iPhone 16e 128GB,기타,0,500000,990000,KT,5G,넷플릭스 초이스 프리미엄,130000,2025-06-08 22:43:48
90000,150000,갤럭시 S24 FE,삼성,0,600000,946000,KT,5G,넷플릭스 초이스 프리미엄,130000,2025-06-08 22:43:48
19000,0,갤럭시 A16,삼성,221000,300000,319000,KT,5G,넷플릭스 초이스 프리미엄,130000,2025-06-08 22:43:48
400,0,맘편안폰3,기타,40600,499000,499400,KT,5G,넷플릭스 초이스 프리미엄,130000,2025-06-08 22:43:48
900,0,갤럭시 A25 5G,삼성,90100,449000,449900,KT,5G,넷플릭스 초이스 프리미엄,130000,2025-06-08 22:43:48
19000,0,갤럭시 A15,삼성,221000,300000,319000,KT,5G,넷플릭스 초이스 프리미엄,130000,2025-06-08 22:43:48
27200,0,moto g34 5G 128GB,기타,328800,184000,211200,KT,5G,넷플릭스 초이스 프리미엄,130000,2025-06-08 22:43:48
22500,0,클래식 폴더 64GB,기타,367500,150000,205700,KT,5G,넷플릭스 초이스 프리미엄,130000,2025-06-08 22:43:48
90000,150000,갤럭시 S23 Ultra,삼성,0,600000,1599400,KT,5G,넷플릭스 초이스 프리미엄,130000,2025-06-08 22:43:48
90000,150000,갤럭시 S23+,삼성,0,600000,1353000,KT,5G,넷플릭스 초이스 프리미엄,130000,2025-06-08 22:43:48
105000,265000,iPhone 14 Pro 1T,기타,0,700000,1969000,KT,5G,넷플릭스 초이스 프리미엄,130000,2025-06-08 22:43:48
105000,265000,iPhone 14 Pro 512G,기타,0,700000,1661000,KT,5G,넷플릭스 초이스 프리미엄,130000,2025-06-08 22:43:50
105000,265000,iPhone 14 Pro 256G,기타,0,700000,1364000,KT,5G,넷플릭스 초이스 프리미엄,130000,2025-06-08 22:43:50
105000,265000,iPhone 14 Pro 128G,기타,0,700000,1210000,KT,5G,넷플릭스 초이스 프리미엄,130000,2025-06-08 22:43:50
105000,265000,iPhone 14 Pro Max 1T,기타,0,700000,2167000,KT,5G,넷플릭스 초이스 프리미엄,130000,2025-06-08 22:43:50
105000,265000,iPhone 14 Pro Max 512G,기타,0,700000,1870000,KT,5G,넷플릭스 초이스 프리미엄,130000,2025-06-08 22:43:50
105000,265000,iPhone 14 Pro Max 256G,기타,0,700000,1562000,KT,5G,넷플릭스 초이스 프리미엄,130000,2025-06-08 22:43:50
105000,265000,iPhone 14 Pro Max 128G,기타,0,700000,1419000,KT,5G,넷플릭스 초이스 프리미엄,130000,2025-06-08 22:43:50
90000,150000,iPhone 14 512G,기타,0,600000,1364000,KT,5G,넷플릭스 초이스 프리미엄,130000,2025-06-08 22:43:50
90000,150000,iPhone 14 256G,기타,0,600000,1067000,KT,5G,넷플릭스 초이스 프리미엄,130000,2025-06-08 22:43:50
90000,150000,iPhone 14 128G,기타,0,600000,913000,KT,5G,넷플릭스 초이스 프리미엄,130000,2025-06-08 22:43:50
90000,150000,iPhone 14 Plus 512G,기타,0,600000,1463000,KT,5G,넷플릭스 초이스 프리미엄,130000,2025-06-08 22:43:50
90000,150000,iPhone 14 Plus 256G,기타,0,600000,1166000,KT,5G,넷플릭스 초이스 프리미엄,130000,2025-06-08 22:43:50
90000,150000,iPhone 14 Plus 128G,기타,0,600000,1012000,KT,5G,넷플릭스 초이스 프리미엄,130000,2025-06-08 22:43:52
51000,0,갤럭시 A24,삼성,144000,345000,396000,KT,5G,넷플릭스 초이스 프리미엄,130000,2025-06-08 22:43:52
22500,0,샤오미 레드미노트 14 Pro 5G,기타,367500,150000,399300,KT,5G,넷플릭스 초이스 프리미엄,130000,2025-06-08 22:43:52
64400,0,샤오미 레드미노트 14 Pro 5G 512GB,기타,40600,435000,499400,KT,5G,넷플릭스 초이스 프리미엄,130000,2025-06-08 22:43:52
90000,150000,갤럭시 Z Fold5 512GB,삼성,0,600000,2018500,KT,5G,넷플릭스 초이스 프리미엄,130000,2025-06-08 22:43:52
90000,150000,갤럭시 Z Fold5,삼성,0,600000,1897500,KT,5G,넷플릭스 초이스 프리미엄,130000,2025-06-08 22:43:52
90000,150000,갤럭시 Z Flip5 512GB,삼성,0,600000,1421200,KT,5G,넷플릭스 초이스 프리미엄,130000,2025-06-08 22:43:52
90000,150000,갤럭시 Z Flip5,삼성,0,600000,1300200,KT,5G,넷플릭스 초이스 프리미엄,130000,2025-06-08 22:43:52
90000,150000,iPhone 13 128G,기타,0,600000,748000,KT,5G,넷플릭스 초이스 프리미엄,130000,2025-06-08 22:43:52
45000,0,포차코 키즈폰,기타,195000,300000,349800,KT,5G,넷플릭스 초이스 프리미엄,130000,2025-06-08 22:43:52
19800,0,모토로라 엣지 50 퓨전,기타,190200,330000,349800,KT,5G,넷플릭스 초이스 프리미엄,130000,2025-06-08 22:43:52
90000,150000,iPhone 15 Pro 1T,기타,0,600000,2079000,KT,5G,넷플릭스 초이스 프리미엄,130000,2025-06-08 22:43:52
90000,150000,iPhone 15 Pro 512G,기타,0,600000,1771000,KT,5G,넷플릭스 초이스 프리미엄,130000,2025-06-08 22:43:55
90000,150000,iPhone 15 Pro 256G,기타,0,600000,1474000,KT,5G,넷플릭스 초이스 프리미엄,130000,2025-06-08 22:43:55
90000,150000,iPhone 15 Pro 128G,기타,0,600000,1320000,KT,5G,넷플릭스 초이스 프리미엄,130000,2025-06-08 22:43:55
90000,150000,iPhone 15 Pro Max 1T,기타,0,600000,2277000,KT,5G,넷플릭스 초이스 프리미엄,130000,2025-06-08 22:43:55
90000,150000,iPhone 15 Pro Max 512G,기타,0,600000,1980000,KT,5G,넷플릭스 초이스 프리미엄,130000,2025-06-08 22:43:55
90000,150000,iPhone 15 Pro Max 256G,기타,0,600000,1672000,KT,5G,넷플릭스 초이스 프리미엄,130000,2025-06-08 22:43:55
90000,150000,iPhone 15 512G,기타,0,600000,1474000,KT,5G,넷플릭스 초이스 프리미엄,130000,2025-06-08 22:43:55
90000,150000,iPhone 15 256G,기타,0,600000,1177000,KT,5G,넷플릭스 초이스 프리미엄,130000,2025-06-08 22:43:55
90000,150000,iPhone 15 128G,기타,0,600000,1023000,KT,5G,넷플릭스 초이스 프리미엄,130000,2025-06-08 22:43:55
90000,150000,iPhone 15 Plus 512G,기타,0,600000,1573000,KT,5G,넷플릭스 초이스 프리미엄,130000,2025-06-08 22:43:55
90000,150000,iPhone 15 Plus 256G,기타,0,600000,1276000,KT,5G,넷플릭스 초이스 프리미엄,130000,2025-06-08 22:43:55
90000,150000,iPhone 15 Plus 128G,기타,0,600000,1122000,KT,5G,넷플릭스 초이스 프리미엄,130000,2025-06-08 22:43:55
90000,150000,갤럭시 Z Flip6 512GB,삼성,0,600000,1643400,KT,5G,넷플릭스 초이스 프리미엄,130000,2025-06-08 22:43:57
90000,150000,갤럭시 Z Flip6,삼성,0,600000,1485000,KT,5G,넷플릭스 초이스 프리미엄,130000,2025-06-08 22:43:57
90000,150000,갤럭시 Z Flip6 마루는강쥐 에디션,삼성,0,600000,1507000,KT,5G,넷플릭스 초이스 프리미엄,130000,2025-06-08 22:43:57
9100,0,샤오미 레드미 14C,기타,340900,190000,199100,KT,5G,넷플릭스 초이스 프리미엄,130000,2025-06-08 22:43:57
100,0,시나모롤 키즈폰,기타,219900,320000,320100,KT,5G,넷플릭스 초이스 프리미엄,130000,2025-06-08 22:43:57
75000,35000,갤럭시 S24 512GB,삼성,0,500000,1298000,KT,5G,넷플릭스 초이스 프리미엄,130000,2025-06-08 22:43:57
75000,35000,갤럭시 S24,삼성,0,500000,1155000,KT,5G,넷플릭스 초이스 프리미엄,130000,2025-06-08 22:43:57
75000,35000,갤럭시 Z Fold6 1TB,삼성,0,500000,2704900,KT,5G,넷플릭스 초이스 프리미엄,130000,2025-06-08 22:43:57
75000,35000,갤럭시 Z Fold6 512GB,삼성,0,500000,2388100,KT,5G,넷플릭스 초이스 프리미엄,130000,2025-06-08 22:43:57
75000,35000,갤럭시 Z Fold6,삼성,0,500000,2229700,KT,5G,넷플릭스 초이스 프리미엄,130000,2025-06-08 22:43:57
57000,0,갤럭시 Jump3,삼성,103000,380000,438900,KT,5G,넷플릭스 초이스 프리미엄,130000,2025-06-08 22:43:57
700,0,샤오미 레드미노트 12,기타,290300,249000,249700,KT,5G,넷플릭스 초이스 프리미엄,130000,2025-06-08 22:43:57
2800,0,샤오미 레드미노트 13 Pro 5G,기타,190200,347000,349800,KT,5G,넷플릭스 초이스 프리미엄,130000,2025-06-08 22:43:59
8300,0,샤오미 레드미노트 13 Pro 5G 512GB,기타,140700,391000,399300,KT,5G,넷플릭스 초이스 프리미엄,130000,2025-06-08 22:43:59
75000,35000,갤럭시 S24 Ultra 512GB,삼성,0,500000,1841400,KT,5G,넷플릭스 초이스 프리미엄,130000,2025-06-08 22:43:59
75000,35000,갤럭시 S24+ 512GB,삼성,0,500000,1496000,KT,5G,넷플릭스 초이스 프리미엄,130000,2025-06-08 22:43:59
75000,35000,갤럭시 S24 Ultra,삼성,0,500000,1698400,KT,5G,넷플릭스 초이스 프리미엄,130000,2025-06-08 22:43:59
75000,35000,갤럭시 S24+,삼성,0,500000,1353000,KT,5G,넷플릭스 초이스 프리미엄,130000,2025-06-08 22:43:59
600,0,스타일 폴더,기타,302400,237000,237600,KT,5G,넷플릭스 초이스 프리미엄,130000,2025-06-08 22:43:59
75000,35000,갤럭시 S25 엣지 512GB,삼성,0,500000,1639000,KT,5G,넷플릭스 초이스 베이직,90000,2025-06-08 22:43:46
75000,35000,갤럭시 S25 엣지 256GB,삼성,0,500000,1496000,KT,5G,넷플릭스 초이스 베이직,90000,2025-06-08 22:43:46
105000,265000,갤럭시 S25 Ultra 1TB,삼성,0,700000,2127400,KT,5G,넷플릭스 초이스 베이직,90000,2025-06-08 22:43:46
105000,265000,갤럭시 S25 Ultra 512GB,삼성,0,700000,1841400,KT,5G,넷플릭스 초이스 베이직,90000,2025-06-08 22:43:46
105000,265000,갤럭시 S25 Ultra 256GB,삼성,0,700000,1698400,KT,5G,넷플릭스 초이스 베이직,90000,2025-06-08 22:43:46
105000,265000,갤럭시 S25+ 512GB,삼성,0,700000,1496000,KT,5G,넷플릭스 초이스 베이직,90000,2025-06-08 22:43:46
105000,265000,갤럭시 S25+ 256GB,삼성,0,700000,1353000,KT,5G,넷플릭스 초이스 베이직,90000,2025-06-08 22:43:46
105000,265000,갤럭시 S25 512GB,삼성,0,700000,1298000,KT,5G,넷플릭스 초이스 베이직,90000,2025-06-08 22:43:46
105000,265000,갤럭시 S25 256GB,삼성,0,700000,1155000,KT,5G,넷플릭스 초이스 베이직,90000,2025-06-08 22:43:46
105000,265000,갤럭시 S25 크록스 토이스토리 에디션 256GB,삼성,0,700000,1177000,KT,5G,넷플릭스 초이스 베이직,90000,2025-06-08 22:43:46
105000,265000,iPhone 16 Pro Max 1TB,기타,0,700000,2497000,KT,5G,넷플릭스 초이스 베이직,90000,2025-06-08 22:43:46
105000,265000,iPhone 16 Pro Max 512GB,기타,0,700000,2200000,KT,5G,넷플릭스 초이스 베이직,90000,2025-06-08 22:43:46
105000,265000,iPhone 16 Pro Max 256GB,기타,0,700000,1892000,KT,5G,넷플릭스 초이스 베이직,90000,2025-06-08 22:43:48
105000,265000,iPhone 16 Pro 1TB,기타,0,700000,2299000,KT,5G,넷플릭스 초이스 베이직,90000,2025-06-08 22:43:48
105000,265000,iPhone 16 Pro 512GB,기타,0,700000,1991000,KT,5G,넷플릭스 초이스 베이직,90000,2025-06-08 22:43:48
105000,265000,iPhone 16 Pro 256GB,기타,0,700000,1694000,KT,5G,넷플릭스 초이스 베이직,90000,2025-06-08 22:43:48
105000,265000,iPhone 16 Pro 128GB,기타,0,700000,1540000,KT,5G,넷플릭스 초이스 베이직,90000,2025-06-08 22:43:48
105000,265000,iPhone 16 Plus 512GB,기타,0,700000,1793000,KT,5G,넷플릭스 초이스 베이직,90000,2025-06-08 22:43:48
105000,265000,iPhone 16 Plus 256GB,기타,0,700000,1496000,KT,5G,넷플릭스 초이스 베이직,90000,2025-06-08 22:43:48
105000,265000,iPhone 16 Plus 128GB,기타,0,700000,1342000,KT,5G,넷플릭스 초이스 베이직,90000,2025-06-08 22:43:48
105000,265000,iPhone 16 512GB,기타,0,700000,1694000,KT,5G,넷플릭스 초이스 베이직,90000,2025-06-08 22:43:48
105000,265000,iPhone 16 256GB,기타,0,700000,1397000,KT,5G,넷플릭스 초이스 베이직,90000,2025-06-08 22:43:48
105000,265000,iPhone 16 128GB,기타,0,700000,1243000,KT,5G,넷플릭스 초이스 베이직,90000,2025-06-08 22:43:48
75000,35000,iPhone 16e 512GB,기타,0,500000,1430000,KT,5G,넷플릭스 초이스 베이직,90000,2025-06-08 22:43:48
75000,35000,iPhone 16e 256GB,기타,0,500000,1133000,KT,5G,넷플릭스 초이스 베이직,90000,2025-06-08 22:43:50
75000,35000,iPhone 16e 128GB,기타,0,500000,990000,KT,5G,넷플릭스 초이스 베이직,90000,2025-06-08 22:43:50
90000,150000,갤럭시 S24 FE,삼성,0,600000,946000,KT,5G,넷플릭스 초이스 베이직,90000,2025-06-08 22:43:50
19000,0,갤럭시 A16,삼성,221000,300000,319000,KT,5G,넷플릭스 초이스 베이직,90000,2025-06-08 22:43:50
400,0,맘편안폰3,기타,40600,499000,499400,KT,5G,넷플릭스 초이스 베이직,90000,2025-06-08 22:43:50
900,0,갤럭시 A25 5G,삼성,90100,449000,449900,KT,5G,넷플릭스 초이스 베이직,90000,2025-06-08 22:43:50
19000,0,갤럭시 A15,삼성,221000,300000,319000,KT,5G,넷플릭스 초이스 베이직,90000,2025-06-08 22:43:50
27200,0,moto g34 5G 128GB,기타,328800,184000,211200,KT,5G,넷플릭스 초이스 베이직,90000,2025-06-08 22:43:50
22500,0,클래식 폴더 64GB,기타,367500,150000,205700,KT,5G,넷플릭스 초이스 베이직,90000,2025-06-08 22:43:50
90000,150000,갤럭시 S23 Ultra,삼성,0,600000,1599400,KT,5G,넷플릭스 초이스 베이직,90000,2025-06-08 22:43:50
90000,150000,갤럭시 S23+,삼성,0,600000,1353000,KT,5G,넷플릭스 초이스 베이직,90000,2025-06-08 22:43:50
105000,265000,iPhone 14 Pro 1T,기타,0,700000,1969000,KT,5G,넷플릭스 초이스 베이직,90000,2025-06-08 22:43:50
105000,265000,iPhone 14 Pro 512G,기타,0,700000,1661000,KT,5G,넷플릭스 초이스 베이직,90000,2025-06-08 22:43:51
105000,265000,iPhone 14 Pro 256G,기타,0,700000,1364000,KT,5G,넷플릭스 초이스 베이직,90000,2025-06-08 22:43:51
105000,265000,iPhone 14 Pro 128G,기타,0,700000,1210000,KT,5G,넷플릭스 초이스 베이직,90000,2025-06-08 22:43:51
105000,265000,iPhone 14 Pro Max 1T,기타,0,700000,2167000,KT,5G,넷플릭스 초이스 베이직,90000,2025-06-08 22:43:51
105000,265000,iPhone 14 Pro Max 512G,기타,0,700000,1870000,KT,5G,넷플릭스 초이스 베이직,90000,2025-06-08 22:43:51
105000,265000,iPhone 14 Pro Max 256G,기타,0,700000,1562000,KT,5G,넷플릭스 초이스 베이직,90000,2025-06-08 22:43:51
105000,265000,iPhone 14 Pro Max 128G,기타,0,700000,1419000,KT,5G,넷플릭스 초이스 베이직,90000,2025-06-08 22:43:51
90000,150000,iPhone 14 512G,기타,0,600000,1364000,KT,5G,넷플릭스 초이스 베이직,90000,2025-06-08 22:43:51
90000,150000,iPhone 14 256G,기타,0,600000,1067000,KT,5G,넷플릭스 초이스 베이직,90000,2025-06-08 22:43:51
90000,150000,iPhone 14 128G,기타,0,600000,913000,KT,5G,넷플릭스 초이스 베이직,90000,2025-06-08 22:43:51
90000,150000,iPhone 14 Plus 512G,기타,0,600000,1463000,KT,5G,넷플릭스 초이스 베이직,90000,2025-06-08 22:43:51
90000,150000,iPhone 14 Plus 256G,기타,0,600000,1166000,KT,5G,넷플릭스 초이스 베이직,90000,2025-06-08 22:43:51
90000,150000,iPhone 14 Plus 128G,기타,0,600000,1012000,KT,5G,넷플릭스 초이스 베이직,90000,2025-06-08 22:43:54
51000,0,갤럭시 A24,삼성,144000,345000,396000,KT,5G,넷플릭스 초이스 베이직,90000,2025-06-08 22:43:54
22500,0,샤오미 레드미노트 14 Pro 5G,기타,367500,150000,399300,KT,5G,넷플릭스 초이스 베이직,90000,2025-06-08 22:43:54
64400,0,샤오미 레드미노트 14 Pro 5G 512GB,기타,40600,435000,499400,KT,5G,넷플릭스 초이스 베이직,90000,2025-06-08 22:43:54
90000,150000,갤럭시 Z Fold5 512GB,삼성,0,600000,2018500,KT,5G,넷플릭스 초이스 베이직,90000,2025-06-08 22:43:54
90000,150000,갤럭시 Z Fold5,삼성,0,600000,1897500,KT,5G,넷플릭스 초이스 베이직,90000,2025-06-08 22:43:54
90000,150000,갤럭시 Z Flip5 512GB,삼성,0,600000,1421200,KT,5G,넷플릭스 초이스 베이직,90000,2025-06-08 22:43:54
90000,150000,갤럭시 Z Flip5,삼성,0,600000,1300200,KT,5G,넷플릭스 초이스 베이직,90000,2025-06-08 22:43:54
90000,150000,iPhone 13 128G,기타,0,600000,748000,KT,5G,넷플릭스 초이스 베이직,90000,2025-06-08 22:43:54
45000,0,포차코 키즈폰,기타,195000,300000,349800,KT,5G,넷플릭스 초이스 베이직,90000,2025-06-08 22:43:54
19800,0,모토로라 엣지 50 퓨전,기타,190200,330000,349800,KT,5G,넷플릭스 초이스 베이직,90000,2025-06-08 22:43:54
90000,150000,iPhone 15 Pro 1T,기타,0,600000,2079000,KT,5G,넷플릭스 초이스 베이직,90000,2025-06-08 22:43:54
90000,150000,iPhone 15 Pro 512G,기타,0,600000,1771000,KT,5G,넷플릭스 초이스 베이직,90000,2025-06-08 22:43:57
90000,150000,iPhone 15 Pro 256G,기타,0,600000,1474000,KT,5G,넷플릭스 초이스 베이직,90000,2025-06-08 22:43:57
90000,150000,iPhone 15 Pro 128G,기타,0,600000,1320000,KT,5G,넷플릭스 초이스 베이직,90000,2025-06-08 22:43:57
90000,150000,iPhone 15 Pro Max 1T,기타,0,600000,2277000,KT,5G,넷플릭스 초이스 베이직,90000,2025-06-08 22:43:57
90000,150000,iPhone 15 Pro Max 512G,기타,0,600000,1980000,KT,5G,넷플릭스 초이스 베이직,90000,2025-06-08 22:43:57
90000,150000,iPhone 15 Pro Max 256G,기타,0,600000,1672000,KT,5G,넷플릭스 초이스 베이직,90000,2025-06-08 22:43:57
90000,150000,iPhone 15 512G,기타,0,600000,1474000,KT,5G,넷플릭스 초이스 베이직,90000,2025-06-08 22:43:57
90000,150000,iPhone 15 256G,기타,0,600000,1177000,KT,5G,넷플릭스 초이스 베이직,90000,2025-06-08 22:43:57
90000,150000,iPhone 15 128G,기타,0,600000,1023000,KT,5G,넷플릭스 초이스 베이직,90000,2025-06-08 22:43:57
90000,150000,iPhone 15 Plus 512G,기타,0,600000,1573000,KT,5G,넷플릭스 초이스 베이직,90000,2025-06-08 22:43:57
90000,150000,iPhone 15 Plus 256G,기타,0,600000,1276000,KT,5G,넷플릭스 초이스 베이직,90000,2025-06-08 22:43:57
90000,150000,iPhone 15 Plus 128G,기타,0,600000,1122000,KT,5G,넷플릭스 초이스 베이직,90000,2025-06-08 22:43:57
90000,150000,갤럭시 Z Flip6 512GB,삼성,0,600000,1643400,KT,5G,넷플릭스 초이스 베이직,90000,2025-06-08 22:43:59
90000,150000,갤럭시 Z Flip6,삼성,0,600000,1485000,KT,5G,넷플릭스 초이스 베이직,90000,2025-06-08 22:43:59
90000,150000,갤럭시 Z Flip6 마루는강쥐 에디션,삼성,0,600000,1507000,KT,5G,넷플릭스 초이스 베이직,90000,2025-06-08 22:43:59
9100,0,샤오미 레드미 14C,기타,340900,190000,199100,KT,5G,넷플릭스 초이스 베이직,90000,2025-06-08 22:43:59
100,0,시나모롤 키즈폰,기타,219900,320000,320100,KT,5G,넷플릭스 초이스 베이직,90000,2025-06-08 22:43:59
75000,35000,갤럭시 S24 512GB,삼성,0,500000,1298000,KT,5G,넷플릭스 초이스 베이직,90000,2025-06-08 22:43:59
75000,35000,갤럭시 S24,삼성,0,500000,1155000,KT,5G,넷플릭스 초이스 베이직,90000,2025-06-08 22:43:59
75000,35000,갤럭시 Z Fold6 1TB,삼성,0,500000,2704900,KT,5G,넷플릭스 초이스 베이직,90000,2025-06-08 22:43:59
75000,35000,갤럭시 Z Fold6 512GB,삼성,0,500000,2388100,KT,5G,넷플릭스 초이스 베이직,90000,2025-06-08 22:43:59
75000,35000,갤럭시 Z Fold6,삼성,0,500000,2229700,KT,5G,넷플릭스 초이스 베이직,90000,2025-06-08 22:43:59
57000,0,갤럭시 Jump3,삼성,103000,380000,438900,KT,5G,넷플릭스 초이스 베이직,90000,2025-06-08 22:43:59
700,0,샤오미 레드미노트 12,기타,290300,249000,249700,KT,5G,넷플릭스 초이스 베이직,90000,2025-06-08 22:43:59
2800,0,샤오미 레드미노트 13 Pro 5G,기타,190200,347000,349800,KT,5G,넷플릭스 초이스 베이직,90000,2025-06-08 22:44:00
8300,0,샤오미 레드미노트 13 Pro 5G 512GB,기타,140700,391000,399300,KT,5G,넷플릭스 초이스 베이직,90000,2025-06-08 22:44:00
75000,35000,갤럭시 S24 Ultra 512GB,삼성,0,500000,1841400,KT,5G,넷플릭스 초이스 베이직,90000,2025-06-08 22:44:00
75000,35000,갤럭시 S24+ 512GB,삼성,0,500000,1496000,KT,5G,넷플릭스 초이스 베이직,90000,2025-06-08 22:44:00
75000,35000,갤럭시 S24 Ultra,삼성,0,500000,1698400,KT,5G,넷플릭스 초이스 베이직,90000,2025-06-08 22:44:00
75000,35000,갤럭시 S24+,삼성,0,500000,1353000,KT,5G,넷플릭스 초이스 베이직,90000,2025-06-08 22:44:00
600,0,스타일 폴더,기타,302400,237000,237600,KT,5G,넷플릭스 초이스 베이직,90000,2025-06-08 22:44:00
75000,35000,갤럭시 S25 엣지 512GB,삼성,0,500000,1639000,KT,5G,Y 베이직,80000,2025-06-08 22:44:21
75000,35000,갤럭시 S25 엣지 256GB,삼성,0,500000,1496000,KT,5G,Y 베이직,80000,2025-06-08 22:44:21
105000,265000,갤럭시 S25 Ultra 1TB,삼성,0,700000,2127400,KT,5G,Y 베이직,80000,2025-06-08 22:44:21
105000,265000,갤럭시 S25 Ultra 512GB,삼성,0,700000,1841400,KT,5G,Y 베이직,80000,2025-06-08 22:44:21
105000,265000,갤럭시 S25 Ultra 256GB,삼성,0,700000,1698400,KT,5G,Y 베이직,80000,2025-06-08 22:44:21
105000,265000,갤럭시 S25+ 512GB,삼성,0,700000,1496000,KT,5G,Y 베이직,80000,2025-06-08 22:44:21
105000,265000,갤럭시 S25+ 256GB,삼성,0,700000,1353000,KT,5G,Y 베이직,80000,2025-06-08 22:44:21
105000,265000,갤럭시 S25 512GB,삼성,0,700000,1298000,KT,5G,Y 베이직,80000,2025-06-08 22:44:21
105000,265000,갤럭시 S25 256GB,삼성,0,700000,1155000,KT,5G,Y 베이직,80000,2025-06-08 22:44:21
105000,265000,갤럭시 S25 크록스 토이스토리 에디션 256GB,삼성,0,700000,1177000,KT,5G,Y 베이직,80000,2025-06-08 22:44:21
105000,265000,iPhone 16 Pro Max 1TB,기타,0,700000,2497000,KT,5G,Y 베이직,80000,2025-06-08 22:44:21
105000,265000,iPhone 16 Pro Max 512GB,기타,0,700000,2200000,KT,5G,Y 베이직,80000,2025-06-08 22:44:21
105000,265000,iPhone 16 Pro Max 256GB,기타,0,700000,1892000,KT,5G,Y 베이직,80000,2025-06-08 22:44:22
105000,265000,iPhone 16 Pro 1TB,기타,0,700000,2299000,KT,5G,Y 베이직,80000,2025-06-08 22:44:22
105000,265000,iPhone 16 Pro 512GB,기타,0,700000,1991000,KT,5G,Y 베이직,80000,2025-06-08 22:44:22
105000,265000,iPhone 16 Pro 256GB,기타,0,700000,1694000,KT,5G,Y 베이직,80000,2025-06-08 22:44:22
105000,265000,iPhone 16 Pro 128GB,기타,0,700000,1540000,KT,5G,Y 베이직,80000,2025-06-08 22:44:22
105000,265000,iPhone 16 Plus 512GB,기타,0,700000,1793000,KT,5G,Y 베이직,80000,2025-06-08 22:44:22
105000,265000,iPhone 16 Plus 256GB,기타,0,700000,1496000,KT,5G,Y 베이직,80000,2025-06-08 22:44:22
105000,265000,iPhone 16 Plus 128GB,기타,0,700000,1342000,KT,5G,Y 베이직,80000,2025-06-08 22:44:22
105000,265000,iPhone 16 512GB,기타,0,700000,1694000,KT,5G,Y 베이직,80000,2025-06-08 22:44:22
105000,265000,iPhone 16 256GB,기타,0,700000,1397000,KT,5G,Y 베이직,80000,2025-06-08 22:44:22
105000,265000,iPhone 16 128GB,기타,0,700000,1243000,KT,5G,Y 베이직,80000,2025-06-08 22:44:22
75000,35000,iPhone 16e 512GB,기타,0,500000,1430000,KT,5G,Y 베이직,80000,2025-06-08 22:44:22
75000,35000,iPhone 16e 256GB,기타,0,500000,1133000,KT,5G,Y 베이직,80000,2025-06-08 22:44:24
75000,35000,iPhone 16e 128GB,기타,0,500000,990000,KT,5G,Y 베이직,80000,2025-06-08 22:44:24
90000,150000,갤럭시 S24 FE,삼성,0,600000,946000,KT,5G,Y 베이직,80000,2025-06-08 22:44:24
19000,0,갤럭시 A16,삼성,221000,300000,319000,KT,5G,Y 베이직,80000,2025-06-08 22:44:24
400,0,맘편안폰3,기타,40600,499000,499400,KT,5G,Y 베이직,80000,2025-06-08 22:44:24
900,0,갤럭시 A25 5G,삼성,90100,449000,449900,KT,5G,Y 베이직,80000,2025-06-08 22:44:24
19000,0,갤럭시 A15,삼성,221000,300000,319000,KT,5G,Y 베이직,80000,2025-06-08 22:44:24
27200,0,moto g34 5G 128GB,기타,328800,184000,211200,KT,5G,Y 베이직,80000,2025-06-08 22:44:24
22500,0,클래식 폴더 64GB,기타,367500,150000,205700,KT,5G,Y 베이직,80000,2025-06-08 22:44:24
90000,150000,갤럭시 S23 Ultra,삼성,0,600000,1599400,KT,5G,Y 베이직,80000,2025-06-08 22:44:24
90000,150000,갤럭시 S23+,삼성,0,600000,1353000,KT,5G,Y 베이직,80000,2025-06-08 22:44:24
105000,265000,iPhone 14 Pro 1T,기타,0,700000,1969000,KT,5G,Y 베이직,80000,2025-06-08 22:44:24
105000,265000,iPhone 14 Pro 512G,기타,0,700000,1661000,KT,5G,Y 베이직,80000,2025-06-08 22:44:26
105000,265000,iPhone 14 Pro 256G,기타,0,700000,1364000,KT,5G,Y 베이직,80000,2025-06-08 22:44:26
105000,265000,iPhone 14 Pro 128G,기타,0,700000,1210000,KT,5G,Y 베이직,80000,2025-06-08 22:44:26
105000,265000,iPhone 14 Pro Max 1T,기타,0,700000,2167000,KT,5G,Y 베이직,80000,2025-06-08 22:44:26
105000,265000,iPhone 14 Pro Max 512G,기타,0,700000,1870000,KT,5G,Y 베이직,80000,2025-06-08 22:44:26
105000,265000,iPhone 14 Pro Max 256G,기타,0,700000,1562000,KT,5G,Y 베이직,80000,2025-06-08 22:44:26
105000,265000,iPhone 14 Pro Max 128G,기타,0,700000,1419000,KT,5G,Y 베이직,80000,2025-06-08 22:44:26
90000,150000,iPhone 14 512G,기타,0,600000,1364000,KT,5G,Y 베이직,80000,2025-06-08 22:44:26
90000,150000,iPhone 14 256G,기타,0,600000,1067000,KT,5G,Y 베이직,80000,2025-06-08 22:44:26
90000,150000,iPhone 14 128G,기타,0,600000,913000,KT,5G,Y 베이직,80000,2025-06-08 22:44:26
90000,150000,iPhone 14 Plus 512G,기타,0,600000,1463000,KT,5G,Y 베이직,80000,2025-06-08 22:44:26
90000,150000,iPhone 14 Plus 256G,기타,0,600000,1166000,KT,5G,Y 베이직,80000,2025-06-08 22:44:26
90000,150000,iPhone 14 Plus 128G,기타,0,600000,1012000,KT,5G,Y 베이직,80000,2025-06-08 22:44:27
51000,0,갤럭시 A24,삼성,144000,345000,396000,KT,5G,Y 베이직,80000,2025-06-08 22:44:27
22500,0,샤오미 레드미노트 14 Pro 5G,기타,367500,150000,399300,KT,5G,Y 베이직,80000,2025-06-08 22:44:27
64400,0,샤오미 레드미노트 14 Pro 5G 512GB,기타,40600,435000,499400,KT,5G,Y 베이직,80000,2025-06-08 22:44:27
90000,150000,갤럭시 Z Fold5 512GB,삼성,0,600000,2018500,KT,5G,Y 베이직,80000,2025-06-08 22:44:27
90000,150000,갤럭시 Z Fold5,삼성,0,600000,1897500,KT,5G,Y 베이직,80000,2025-06-08 22:44:27
90000,150000,갤럭시 Z Flip5 512GB,삼성,0,600000,1421200,KT,5G,Y 베이직,80000,2025-06-08 22:44:27
90000,150000,갤럭시 Z Flip5,삼성,0,600000,1300200,KT,5G,Y 베이직,80000,2025-06-08 22:44:27
90000,150000,iPhone 13 128G,기타,0,600000,748000,KT,5G,Y 베이직,80000,2025-06-08 22:44:27
45000,0,포차코 키즈폰,기타,195000,300000,349800,KT,5G,Y 베이직,80000,2025-06-08 22:44:27
19800,0,모토로라 엣지 50 퓨전,기타,190200,330000,349800,KT,5G,Y 베이직,80000,2025-06-08 22:44:27
90000,150000,iPhone 15 Pro 1T,기타,0,600000,2079000,KT,5G,Y 베이직,80000,2025-06-08 22:44:27
90000,150000,iPhone 15 Pro 512G,기타,0,600000,1771000,KT,5G,Y 베이직,80000,2025-06-08 22:44:29
90000,150000,iPhone 15 Pro 256G,기타,0,600000,1474000,KT,5G,Y 베이직,80000,2025-06-08 22:44:29
90000,150000,iPhone 15 Pro 128G,기타,0,600000,1320000,KT,5G,Y 베이직,80000,2025-06-08 22:44:29
90000,150000,iPhone 15 Pro Max 1T,기타,0,600000,2277000,KT,5G,Y 베이직,80000,2025-06-08 22:44:29
90000,150000,iPhone 15 Pro Max 512G,기타,0,600000,1980000,KT,5G,Y 베이직,80000,2025-06-08 22:44:29
90000,150000,iPhone 15 Pro Max 256G,기타,0,600000,1672000,KT,5G,Y 베이직,80000,2025-06-08 22:44:29
90000,150000,iPhone 15 512G,기타,0,600000,1474000,KT,5G,Y 베이직,80000,2025-06-08 22:44:29
90000,150000,iPhone 15 256G,기타,0,600000,1177000,KT,5G,Y 베이직,80000,2025-06-08 22:44:29
90000,150000,iPhone 15 128G,기타,0,600000,1023000,KT,5G,Y 베이직,80000,2025-06-08 22:44:29
90000,150000,iPhone 15 Plus 512G,기타,0,600000,1573000,KT,5G,Y 베이직,80000,2025-06-08 22:44:29
90000,150000,iPhone 15 Plus 256G,기타,0,600000,1276000,KT,5G,Y 베이직,80000,2025-06-08 22:44:29
90000,150000,iPhone 15 Plus 128G,기타,0,600000,1122000,KT,5G,Y 베이직,80000,2025-06-08 22:44:29
90000,150000,갤럭시 Z Flip6 512GB,삼성,0,600000,1643400,KT,5G,Y 베이직,80000,2025-06-08 22:44:30
90000,150000,갤럭시 Z Flip6,삼성,0,600000,1485000,KT,5G,Y 베이직,80000,2025-06-08 22:44:30
90000,150000,갤럭시 Z Flip6 마루는강쥐 에디션,삼성,0,600000,1507000,KT,5G,Y 베이직,80000,2025-06-08 22:44:30
9100,0,샤오미 레드미 14C,기타,340900,190000,199100,KT,5G,Y 베이직,80000,2025-06-08 22:44:30
100,0,시나모롤 키즈폰,기타,219900,320000,320100,KT,5G,Y 베이직,80000,2025-06-08 22:44:30
75000,35000,갤럭시 S24 512GB,삼성,0,500000,1298000,KT,5G,Y 베이직,80000,2025-06-08 22:44:30
75000,35000,갤럭시 S24,삼성,0,500000,1155000,KT,5G,Y 베이직,80000,2025-06-08 22:44:30
75000,35000,갤럭시 Z Fold6 1TB,삼성,0,500000,2704900,KT,5G,Y 베이직,80000,2025-06-08 22:44:30
75000,35000,갤럭시 Z Fold6 512GB,삼성,0,500000,2388100,KT,5G,Y 베이직,80000,2025-06-08 22:44:30
75000,35000,갤럭시 Z Fold6,삼성,0,500000,2229700,KT,5G,Y 베이직,80000,2025-06-08 22:44:30
57000,0,갤럭시 Jump3,삼성,103000,380000,438900,KT,5G,Y 베이직,80000,2025-06-08 22:44:30
700,0,샤오미 레드미노트 12,기타,290300,249000,249700,KT,5G,Y 베이직,80000,2025-06-08 22:44:30
2800,0,샤오미 레드미노트 13 Pro 5G,기타,190200,347000,349800,KT,5G,Y 베이직,80000,2025-06-08 22:44:32
8300,0,샤오미 레드미노트 13 Pro 5G 512GB,기타,140700,391000,399300,KT,5G,Y 베이직,80000,2025-06-08 22:44:32
75000,35000,갤럭시 S24 Ultra 512GB,삼성,0,500000,1841400,KT,5G,Y 베이직,80000,2025-06-08 22:44:32
75000,35000,갤럭시 S24+ 512GB,삼성,0,500000,1496000,KT,5G,Y 베이직,80000,2025-06-08 22:44:32
75000,35000,갤럭시 S24 Ultra,삼성,0,500000,1698400,KT,5G,Y 베이직,80000,2025-06-08 22:44:32
75000,35000,갤럭시 S24+,삼성,0,500000,1353000,KT,5G,Y 베이직,80000,2025-06-08 22:44:32
600,0,스타일 폴더,기타,302400,237000,237600,KT,5G,Y 베이직,80000,2025-06-08 22:44:32
75000,35000,갤럭시 S25 엣지 512GB,삼성,0,500000,1639000,KT,5G,디즈니+ 초이스 프리미엄,130000,2025-06-08 22:44:33
75000,35000,갤럭시 S25 엣지 256GB,삼성,0,500000,1496000,KT,5G,디즈니+ 초이스 프리미엄,130000,2025-06-08 22:44:33
105000,265000,갤럭시 S25 Ultra 1TB,삼성,0,700000,2127400,KT,5G,디즈니+ 초이스 프리미엄,130000,2025-06-08 22:44:33
105000,265000,갤럭시 S25 Ultra 512GB,삼성,0,700000,1841400,KT,5G,디즈니+ 초이스 프리미엄,130000,2025-06-08 22:44:33
105000,265000,갤럭시 S25 Ultra 256GB,삼성,0,700000,1698400,KT,5G,디즈니+ 초이스 프리미엄,130000,2025-06-08 22:44:33
105000,265000,갤럭시 S25+ 512GB,삼성,0,700000,1496000,KT,5G,디즈니+ 초이스 프리미엄,130000,2025-06-08 22:44:33
105000,265000,갤럭시 S25+ 256GB,삼성,0,700000,1353000,KT,5G,디즈니+ 초이스 프리미엄,130000,2025-06-08 22:44:33
105000,265000,갤럭시 S25 512GB,삼성,0,700000,1298000,KT,5G,디즈니+ 초이스 프리미엄,130000,2025-06-08 22:44:33
105000,265000,갤럭시 S25 256GB,삼성,0,700000,1155000,KT,5G,디즈니+ 초이스 프리미엄,130000,2025-06-08 22:44:33
105000,265000,갤럭시 S25 크록스 토이스토리 에디션 256GB,삼성,0,700000,1177000,KT,5G,디즈니+ 초이스 프리미엄,130000,2025-06-08 22:44:33
105000,265000,iPhone 16 Pro Max 1TB,기타,0,700000,2497000,KT,5G,디즈니+ 초이스 프리미엄,130000,2025-06-08 22:44:33
105000,265000,iPhone 16 Pro Max 512GB,기타,0,700000,2200000,KT,5G,디즈니+ 초이스 프리미엄,130000,2025-06-08 22:44:33
105000,265000,iPhone 16 Pro Max 256GB,기타,0,700000,1892000,KT,5G,디즈니+ 초이스 프리미엄,130000,2025-06-08 22:44:38
105000,265000,iPhone 16 Pro 1TB,기타,0,700000,2299000,KT,5G,디즈니+ 초이스 프리미엄,130000,2025-06-08 22:44:38
105000,265000,iPhone 16 Pro 512GB,기타,0,700000,1991000,KT,5G,디즈니+ 초이스 프리미엄,130000,2025-06-08 22:44:38
105000,265000,iPhone 16 Pro 256GB,기타,0,700000,1694000,KT,5G,디즈니+ 초이스 프리미엄,130000,2025-06-08 22:44:38
105000,265000,iPhone 16 Pro 128GB,기타,0,700000,1540000,KT,5G,디즈니+ 초이스 프리미엄,130000,2025-06-08 22:44:38
105000,265000,iPhone 16 Plus 512GB,기타,0,700000,1793000,KT,5G,디즈니+ 초이스 프리미엄,130000,2025-06-08 22:44:38
105000,265000,iPhone 16 Plus 256GB,기타,0,700000,1496000,KT,5G,디즈니+ 초이스 프리미엄,130000,2025-06-08 22:44:38
105000,265000,iPhone 16 Plus 128GB,기타,0,700000,1342000,KT,5G,디즈니+ 초이스 프리미엄,130000,2025-06-08 22:44:38
105000,265000,iPhone 16 512GB,기타,0,700000,1694000,KT,5G,디즈니+ 초이스 프리미엄,130000,2025-06-08 22:44:38
105000,265000,iPhone 16 256GB,기타,0,700000,1397000,KT,5G,디즈니+ 초이스 프리미엄,130000,2025-06-08 22:44:38
105000,265000,iPhone 16 128GB,기타,0,700000,1243000,KT,5G,디즈니+ 초이스 프리미엄,130000,2025-06-08 22:44:38
75000,35000,iPhone 16e 512GB,기타,0,500000,1430000,KT,5G,디즈니+ 초이스 프리미엄,130000,2025-06-08 22:44:38
75000,35000,iPhone 16e 256GB,기타,0,500000,1133000,KT,5G,디즈니+ 초이스 프리미엄,130000,2025-06-08 22:44:43
75000,35000,iPhone 16e 128GB,기타,0,500000,990000,KT,5G,디즈니+ 초이스 프리미엄,130000,2025-06-08 22:44:43
90000,150000,갤럭시 S24 FE,삼성,0,600000,946000,KT,5G,디즈니+ 초이스 프리미엄,130000,2025-06-08 22:44:43
19000,0,갤럭시 A16,삼성,221000,300000,319000,KT,5G,디즈니+ 초이스 프리미엄,130000,2025-06-08 22:44:43
400,0,맘편안폰3,기타,40600,499000,499400,KT,5G,디즈니+ 초이스 프리미엄,130000,2025-06-08 22:44:43
900,0,갤럭시 A25 5G,삼성,90100,449000,449900,KT,5G,디즈니+ 초이스 프리미엄,130000,2025-06-08 22:44:43
19000,0,갤럭시 A15,삼성,221000,300000,319000,KT,5G,디즈니+ 초이스 프리미엄,130000,2025-06-08 22:44:43
27200,0,moto g34 5G 128GB,기타,328800,184000,211200,KT,5G,디즈니+ 초이스 프리미엄,130000,2025-06-08 22:44:43
22500,0,클래식 폴더 64GB,기타,367500,150000,205700,KT,5G,디즈니+ 초이스 프리미엄,130000,2025-06-08 22:44:43
90000,150000,갤럭시 S23 Ultra,삼성,0,600000,1599400,KT,5G,디즈니+ 초이스 프리미엄,130000,2025-06-08 22:44:43
90000,150000,갤럭시 S23+,삼성,0,600000,1353000,KT,5G,디즈니+ 초이스 프리미엄,130000,2025-06-08 22:44:43
105000,265000,iPhone 14 Pro 1T,기타,0,700000,1969000,KT,5G,디즈니+ 초이스 프리미엄,130000,2025-06-08 22:44:43
105000,265000,iPhone 14 Pro 512G,기타,0,700000,1661000,KT,5G,디즈니+ 초이스 프리미엄,130000,2025-06-08 22:44:45
105000,265000,iPhone 14 Pro 256G,기타,0,700000,1364000,KT,5G,디즈니+ 초이스 프리미엄,130000,2025-06-08 22:44:45
105000,265000,iPhone 14 Pro 128G,기타,0,700000,1210000,KT,5G,디즈니+ 초이스 프리미엄,130000,2025-06-08 22:44:45
105000,265000,iPhone 14 Pro Max 1T,기타,0,700000,2167000,KT,5G,디즈니+ 초이스 프리미엄,130000,2025-06-08 22:44:45
105000,265000,iPhone 14 Pro Max 512G,기타,0,700000,1870000,KT,5G,디즈니+ 초이스 프리미엄,130000,2025-06-08 22:44:45
105000,265000,iPhone 14 Pro Max 256G,기타,0,700000,1562000,KT,5G,디즈니+ 초이스 프리미엄,130000,2025-06-08 22:44:45
105000,265000,iPhone 14 Pro Max 128G,기타,0,700000,1419000,KT,5G,디즈니+ 초이스 프리미엄,130000,2025-06-08 22:44:45
90000,150000,iPhone 14 512G,기타,0,600000,1364000,KT,5G,디즈니+ 초이스 프리미엄,130000,2025-06-08 22:44:45
90000,150000,iPhone 14 256G,기타,0,600000,1067000,KT,5G,디즈니+ 초이스 프리미엄,130000,2025-06-08 22:44:45
90000,150000,iPhone 14 128G,기타,0,600000,913000,KT,5G,디즈니+ 초이스 프리미엄,130000,2025-06-08 22:44:45
90000,150000,iPhone 14 Plus 512G,기타,0,600000,1463000,KT,5G,디즈니+ 초이스 프리미엄,130000,2025-06-08 22:44:45
90000,150000,iPhone 14 Plus 256G,기타,0,600000,1166000,KT,5G,디즈니+ 초이스 프리미엄,130000,2025-06-08 22:44:45
90000,150000,iPhone 14 Plus 128G,기타,0,600000,1012000,KT,5G,디즈니+ 초이스 프리미엄,130000,2025-06-08 22:44:54
51000,0,갤럭시 A24,삼성,144000,345000,396000,KT,5G,디즈니+ 초이스 프리미엄,130000,2025-06-08 22:44:54
22500,0,샤오미 레드미노트 14 Pro 5G,기타,367500,150000,399300,KT,5G,디즈니+ 초이스 프리미엄,130000,2025-06-08 22:44:54
64400,0,샤오미 레드미노트 14 Pro 5G 512GB,기타,40600,435000,499400,KT,5G,디즈니+ 초이스 프리미엄,130000,2025-06-08 22:44:54
90000,150000,갤럭시 Z Fold5 512GB,삼성,0,600000,2018500,KT,5G,디즈니+ 초이스 프리미엄,130000,2025-06-08 22:44:54
90000,150000,갤럭시 Z Fold5,삼성,0,600000,1897500,KT,5G,디즈니+ 초이스 프리미엄,130000,2025-06-08 22:44:54
90000,150000,갤럭시 Z Flip5 512GB,삼성,0,600000,1421200,KT,5G,디즈니+ 초이스 프리미엄,130000,2025-06-08 22:44:54
90000,150000,갤럭시 Z Flip5,삼성,0,600000,1300200,KT,5G,디즈니+ 초이스 프리미엄,130000,2025-06-08 22:44:54
90000,150000,iPhone 13 128G,기타,0,600000,748000,KT,5G,디즈니+ 초이스 프리미엄,130000,2025-06-08 22:44:54
45000,0,포차코 키즈폰,기타,195000,300000,349800,KT,5G,디즈니+ 초이스 프리미엄,130000,2025-06-08 22:44:54
19800,0,모토로라 엣지 50 퓨전,기타,190200,330000,349800,KT,5G,디즈니+ 초이스 프리미엄,130000,2025-06-08 22:44:54
90000,150000,iPhone 15 Pro 1T,기타,0,600000,2079000,KT,5G,디즈니+ 초이스 프리미엄,130000,2025-06-08 22:44:54
90000,150000,iPhone 15 Pro 512G,기타,0,600000,1771000,KT,5G,디즈니+ 초이스 프리미엄,130000,2025-06-08 22:44:58
90000,150000,iPhone 15 Pro 256G,기타,0,600000,1474000,KT,5G,디즈니+ 초이스 프리미엄,130000,2025-06-08 22:44:58
90000,150000,iPhone 15 Pro 128G,기타,0,600000,1320000,KT,5G,디즈니+ 초이스 프리미엄,130000,2025-06-08 22:44:58
90000,150000,iPhone 15 Pro Max 1T,기타,0,600000,2277000,KT,5G,디즈니+ 초이스 프리미엄,130000,2025-06-08 22:44:58
90000,150000,iPhone 15 Pro Max 512G,기타,0,600000,1980000,KT,5G,디즈니+ 초이스 프리미엄,130000,2025-06-08 22:44:58
90000,150000,iPhone 15 Pro Max 256G,기타,0,600000,1672000,KT,5G,디즈니+ 초이스 프리미엄,130000,2025-06-08 22:44:58
90000,150000,iPhone 15 512G,기타,0,600000,1474000,KT,5G,디즈니+ 초이스 프리미엄,130000,2025-06-08 22:44:58
90000,150000,iPhone 15 256G,기타,0,600000,1177000,KT,5G,디즈니+ 초이스 프리미엄,130000,2025-06-08 22:44:58
90000,150000,iPhone 15 128G,기타,0,600000,1023000,KT,5G,디즈니+ 초이스 프리미엄,130000,2025-06-08 22:44:58
90000,150000,iPhone 15 Plus 512G,기타,0,600000,1573000,KT,5G,디즈니+ 초이스 프리미엄,130000,2025-06-08 22:44:58
90000,150000,iPhone 15 Plus 256G,기타,0,600000,1276000,KT,5G,디즈니+ 초이스 프리미엄,130000,2025-06-08 22:44:58
90000,150000,iPhone 15 Plus 128G,기타,0,600000,1122000,KT,5G,디즈니+ 초이스 프리미엄,130000,2025-06-08 22:44:58
90000,150000,갤럭시 Z Flip6 512GB,삼성,0,600000,1643400,KT,5G,디즈니+ 초이스 프리미엄,130000,2025-06-08 22:45:00
90000,150000,갤럭시 Z Flip6,삼성,0,600000,1485000,KT,5G,디즈니+ 초이스 프리미엄,130000,2025-06-08 22:45:00
90000,150000,갤럭시 Z Flip6 마루는강쥐 에디션,삼성,0,600000,1507000,KT,5G,디즈니+ 초이스 프리미엄,130000,2025-06-08 22:45:00
9100,0,샤오미 레드미 14C,기타,340900,190000,199100,KT,5G,디즈니+ 초이스 프리미엄,130000,2025-06-08 22:45:00
100,0,시나모롤 키즈폰,기타,219900,320000,320100,KT,5G,디즈니+ 초이스 프리미엄,130000,2025-06-08 22:45:00
75000,35000,갤럭시 S24 512GB,삼성,0,500000,1298000,KT,5G,디즈니+ 초이스 프리미엄,130000,2025-06-08 22:45:00
75000,35000,갤럭시 S24,삼성,0,500000,1155000,KT,5G,디즈니+ 초이스 프리미엄,130000,2025-06-08 22:45:00
75000,35000,갤럭시 Z Fold6 1TB,삼성,0,500000,2704900,KT,5G,디즈니+ 초이스 프리미엄,130000,2025-06-08 22:45:00
75000,35000,갤럭시 Z Fold6 512GB,삼성,0,500000,2388100,KT,5G,디즈니+ 초이스 프리미엄,130000,2025-06-08 22:45:00
75000,35000,갤럭시 Z Fold6,삼성,0,500000,2229700,KT,5G,디즈니+ 초이스 프리미엄,130000,2025-06-08 22:45:00
57000,0,갤럭시 Jump3,삼성,103000,380000,438900,KT,5G,디즈니+ 초이스 프리미엄,130000,2025-06-08 22:45:00
700,0,샤오미 레드미노트 12,기타,290300,249000,249700,KT,5G,디즈니+ 초이스 프리미엄,130000,2025-06-08 22:45:00
2800,0,샤오미 레드미노트 13 Pro 5G,기타,190200,347000,349800,KT,5G,디즈니+ 초이스 프리미엄,130000,2025-06-08 22:45:02
8300,0,샤오미 레드미노트 13 Pro 5G 512GB,기타,140700,391000,399300,KT,5G,디즈니+ 초이스 프리미엄,130000,2025-06-08 22:45:02
75000,35000,갤럭시 S24 Ultra 512GB,삼성,0,500000,1841400,KT,5G,디즈니+ 초이스 프리미엄,130000,2025-06-08 22:45:02
75000,35000,갤럭시 S24+ 512GB,삼성,0,500000,1496000,KT,5G,디즈니+ 초이스 프리미엄,130000,2025-06-08 22:45:02
75000,35000,갤럭시 S24 Ultra,삼성,0,500000,1698400,KT,5G,디즈니+ 초이스 프리미엄,130000,2025-06-08 22:45:02
75000,35000,갤럭시 S24+,삼성,0,500000,1353000,KT,5G,디즈니+ 초이스 프리미엄,130000,2025-06-08 22:45:02
600,0,스타일 폴더,기타,302400,237000,237600,KT,5G,디즈니+ 초이스 프리미엄,130000,2025-06-08 22:45:02
75000,35000,갤럭시 S25 엣지 512GB,삼성,0,500000,1639000,KT,5G,디즈니+ 초이스 스페셜,110000,2025-06-08 22:44:45
75000,35000,갤럭시 S25 엣지 256GB,삼성,0,500000,1496000,KT,5G,디즈니+ 초이스 스페셜,110000,2025-06-08 22:44:45
105000,265000,갤럭시 S25 Ultra 1TB,삼성,0,700000,2127400,KT,5G,디즈니+ 초이스 스페셜,110000,2025-06-08 22:44:45
105000,265000,갤럭시 S25 Ultra 512GB,삼성,0,700000,1841400,KT,5G,디즈니+ 초이스 스페셜,110000,2025-06-08 22:44:45
105000,265000,갤럭시 S25 Ultra 256GB,삼성,0,700000,1698400,KT,5G,디즈니+ 초이스 스페셜,110000,2025-06-08 22:44:45
105000,265000,갤럭시 S25+ 512GB,삼성,0,700000,1496000,KT,5G,디즈니+ 초이스 스페셜,110000,2025-06-08 22:44:45
105000,265000,갤럭시 S25+ 256GB,삼성,0,700000,1353000,KT,5G,디즈니+ 초이스 스페셜,110000,2025-06-08 22:44:45
105000,265000,갤럭시 S25 512GB,삼성,0,700000,1298000,KT,5G,디즈니+ 초이스 스페셜,110000,2025-06-08 22:44:45
105000,265000,갤럭시 S25 256GB,삼성,0,700000,1155000,KT,5G,디즈니+ 초이스 스페셜,110000,2025-06-08 22:44:45
105000,265000,갤럭시 S25 크록스 토이스토리 에디션 256GB,삼성,0,700000,1177000,KT,5G,디즈니+ 초이스 스페셜,110000,2025-06-08 22:44:45
105000,265000,iPhone 16 Pro Max 1TB,기타,0,700000,2497000,KT,5G,디즈니+ 초이스 스페셜,110000,2025-06-08 22:44:45
105000,265000,iPhone 16 Pro Max 512GB,기타,0,700000,2200000,KT,5G,디즈니+ 초이스 스페셜,110000,2025-06-08 22:44:45
105000,265000,iPhone 16 Pro Max 256GB,기타,0,700000,1892000,KT,5G,디즈니+ 초이스 스페셜,110000,2025-06-08 22:44:54
105000,265000,iPhone 16 Pro 1TB,기타,0,700000,2299000,KT,5G,디즈니+ 초이스 스페셜,110000,2025-06-08 22:44:54
105000,265000,iPhone 16 Pro 512GB,기타,0,700000,1991000,KT,5G,디즈니+ 초이스 스페셜,110000,2025-06-08 22:44:54
105000,265000,iPhone 16 Pro 256GB,기타,0,700000,1694000,KT,5G,디즈니+ 초이스 스페셜,110000,2025-06-08 22:44:54
105000,265000,iPhone 16 Pro 128GB,기타,0,700000,1540000,KT,5G,디즈니+ 초이스 스페셜,110000,2025-06-08 22:44:54
105000,265000,iPhone 16 Plus 512GB,기타,0,700000,1793000,KT,5G,디즈니+ 초이스 스페셜,110000,2025-06-08 22:44:54
105000,265000,iPhone 16 Plus 256GB,기타,0,700000,1496000,KT,5G,디즈니+ 초이스 스페셜,110000,2025-06-08 22:44:54
105000,265000,iPhone 16 Plus 128GB,기타,0,700000,1342000,KT,5G,디즈니+ 초이스 스페셜,110000,2025-06-08 22:44:54
105000,265000,iPhone 16 512GB,기타,0,700000,1694000,KT,5G,디즈니+ 초이스 스페셜,110000,2025-06-08 22:44:54
105000,265000,iPhone 16 256GB,기타,0,700000,1397000,KT,5G,디즈니+ 초이스 스페셜,110000,2025-06-08 22:44:54
105000,265000,iPhone 16 128GB,기타,0,700000,1243000,KT,5G,디즈니+ 초이스 스페셜,110000,2025-06-08 22:44:54
75000,35000,iPhone 16e 512GB,기타,0,500000,1430000,KT,5G,디즈니+ 초이스 스페셜,110000,2025-06-08 22:44:54
75000,35000,iPhone 16e 256GB,기타,0,500000,1133000,KT,5G,디즈니+ 초이스 스페셜,110000,2025-06-08 22:44:58
75000,35000,iPhone 16e 128GB,기타,0,500000,990000,KT,5G,디즈니+ 초이스 스페셜,110000,2025-06-08 22:44:58
90000,150000,갤럭시 S24 FE,삼성,0,600000,946000,KT,5G,디즈니+ 초이스 스페셜,110000,2025-06-08 22:44:58
19000,0,갤럭시 A16,삼성,221000,300000,319000,KT,5G,디즈니+ 초이스 스페셜,110000,2025-06-08 22:44:58
400,0,맘편안폰3,기타,40600,499000,499400,KT,5G,디즈니+ 초이스 스페셜,110000,2025-06-08 22:44:58
900,0,갤럭시 A25 5G,삼성,90100,449000,449900,KT,5G,디즈니+ 초이스 스페셜,110000,2025-06-08 22:44:58
19000,0,갤럭시 A15,삼성,221000,300000,319000,KT,5G,디즈니+ 초이스 스페셜,110000,2025-06-08 22:44:58
27200,0,moto g34 5G 128GB,기타,328800,184000,211200,KT,5G,디즈니+ 초이스 스페셜,110000,2025-06-08 22:44:58
22500,0,클래식 폴더 64GB,기타,367500,150000,205700,KT,5G,디즈니+ 초이스 스페셜,110000,2025-06-08 22:44:58
90000,150000,갤럭시 S23 Ultra,삼성,0,600000,1599400,KT,5G,디즈니+ 초이스 스페셜,110000,2025-06-08 22:44:58
90000,150000,갤럭시 S23+,삼성,0,600000,1353000,KT,5G,디즈니+ 초이스 스페셜,110000,2025-06-08 22:44:58
105000,265000,iPhone 14 Pro 1T,기타,0,700000,1969000,KT,5G,디즈니+ 초이스 스페셜,110000,2025-06-08 22:44:58
105000,265000,iPhone 14 Pro 512G,기타,0,700000,1661000,KT,5G,디즈니+ 초이스 스페셜,110000,2025-06-08 22:45:00
105000,265000,iPhone 14 Pro 256G,기타,0,700000,1364000,KT,5G,디즈니+ 초이스 스페셜,110000,2025-06-08 22:45:00
105000,265000,iPhone 14 Pro 128G,기타,0,700000,1210000,KT,5G,디즈니+ 초이스 스페셜,110000,2025-06-08 22:45:00
105000,265000,iPhone 14 Pro Max 1T,기타,0,700000,2167000,KT,5G,디즈니+ 초이스 스페셜,110000,2025-06-08 22:45:00
105000,265000,iPhone 14 Pro Max 512G,기타,0,700000,1870000,KT,5G,디즈니+ 초이스 스페셜,110000,2025-06-08 22:45:00
105000,265000,iPhone 14 Pro Max 256G,기타,0,700000,1562000,KT,5G,디즈니+ 초이스 스페셜,110000,2025-06-08 22:45:00
105000,265000,iPhone 14 Pro Max 128G,기타,0,700000,1419000,KT,5G,디즈니+ 초이스 스페셜,110000,2025-06-08 22:45:00
90000,150000,iPhone 14 512G,기타,0,600000,1364000,KT,5G,디즈니+ 초이스 스페셜,110000,2025-06-08 22:45:00
90000,150000,iPhone 14 256G,기타,0,600000,1067000,KT,5G,디즈니+ 초이스 스페셜,110000,2025-06-08 22:45:00
90000,150000,iPhone 14 128G,기타,0,600000,913000,KT,5G,디즈니+ 초이스 스페셜,110000,2025-06-08 22:45:00
90000,150000,iPhone 14 Plus 512G,기타,0,600000,1463000,KT,5G,디즈니+ 초이스 스페셜,110000,2025-06-08 22:45:00
90000,150000,iPhone 14 Plus 256G,기타,0,600000,1166000,KT,5G,디즈니+ 초이스 스페셜,110000,2025-06-08 22:45:00
90000,150000,iPhone 14 Plus 128G,기타,0,600000,1012000,KT,5G,디즈니+ 초이스 스페셜,110000,2025-06-08 22:45:02
51000,0,갤럭시 A24,삼성,144000,345000,396000,KT,5G,디즈니+ 초이스 스페셜,110000,2025-06-08 22:45:02
22500,0,샤오미 레드미노트 14 Pro 5G,기타,367500,150000,399300,KT,5G,디즈니+ 초이스 스페셜,110000,2025-06-08 22:45:02
64400,0,샤오미 레드미노트 14 Pro 5G 512GB,기타,40600,435000,499400,KT,5G,디즈니+ 초이스 스페셜,110000,2025-06-08 22:45:02
90000,150000,갤럭시 Z Fold5 512GB,삼성,0,600000,2018500,KT,5G,디즈니+ 초이스 스페셜,110000,2025-06-08 22:45:02
90000,150000,갤럭시 Z Fold5,삼성,0,600000,1897500,KT,5G,디즈니+ 초이스 스페셜,110000,2025-06-08 22:45:02
90000,150000,갤럭시 Z Flip5 512GB,삼성,0,600000,1421200,KT,5G,디즈니+ 초이스 스페셜,110000,2025-06-08 22:45:02
90000,150000,갤럭시 Z Flip5,삼성,0,600000,1300200,KT,5G,디즈니+ 초이스 스페셜,110000,2025-06-08 22:45:02
90000,150000,iPhone 13 128G,기타,0,600000,748000,KT,5G,디즈니+ 초이스 스페셜,110000,2025-06-08 22:45:02
45000,0,포차코 키즈폰,기타,195000,300000,349800,KT,5G,디즈니+ 초이스 스페셜,110000,2025-06-08 22:45:02
19800,0,모토로라 엣지 50 퓨전,기타,190200,330000,349800,KT,5G,디즈니+ 초이스 스페셜,110000,2025-06-08 22:45:02
90000,150000,iPhone 15 Pro 1T,기타,0,600000,2079000,KT,5G,디즈니+ 초이스 스페셜,110000,2025-06-08 22:45:02
90000,150000,iPhone 15 Pro 512G,기타,0,600000,1771000,KT,5G,디즈니+ 초이스 스페셜,110000,2025-06-08 22:45:05
90000,150000,iPhone 15 Pro 256G,기타,0,600000,1474000,KT,5G,디즈니+ 초이스 스페셜,110000,2025-06-08 22:45:05
90000,150000,iPhone 15 Pro 128G,기타,0,600000,1320000,KT,5G,디즈니+ 초이스 스페셜,110000,2025-06-08 22:45:05
90000,150000,iPhone 15 Pro Max 1T,기타,0,600000,2277000,KT,5G,디즈니+ 초이스 스페셜,110000,2025-06-08 22:45:05
90000,150000,iPhone 15 Pro Max 512G,기타,0,600000,1980000,KT,5G,디즈니+ 초이스 스페셜,110000,2025-06-08 22:45:05
90000,150000,iPhone 15 Pro Max 256G,기타,0,600000,1672000,KT,5G,디즈니+ 초이스 스페셜,110000,2025-06-08 22:45:05
90000,150000,iPhone 15 512G,기타,0,600000,1474000,KT,5G,디즈니+ 초이스 스페셜,110000,2025-06-08 22:45:05
90000,150000,iPhone 15 256G,기타,0,600000,1177000,KT,5G,디즈니+ 초이스 스페셜,110000,2025-06-08 22:45:05
90000,150000,iPhone 15 128G,기타,0,600000,1023000,KT,5G,디즈니+ 초이스 스페셜,110000,2025-06-08 22:45:05
90000,150000,iPhone 15 Plus 512G,기타,0,600000,1573000,KT,5G,디즈니+ 초이스 스페셜,110000,2025-06-08 22:45:05
90000,150000,iPhone 15 Plus 256G,기타,0,600000,1276000,KT,5G,디즈니+ 초이스 스페셜,110000,2025-06-08 22:45:05
90000,150000,iPhone 15 Plus 128G,기타,0,600000,1122000,KT,5G,디즈니+ 초이스 스페셜,110000,2025-06-08 22:45:05
90000,150000,갤럭시 Z Flip6 512GB,삼성,0,600000,1643400,KT,5G,디즈니+ 초이스 스페셜,110000,2025-06-08 22:45:07
90000,150000,갤럭시 Z Flip6,삼성,0,600000,1485000,KT,5G,디즈니+ 초이스 스페셜,110000,2025-06-08 22:45:07
90000,150000,갤럭시 Z Flip6 마루는강쥐 에디션,삼성,0,600000,1507000,KT,5G,디즈니+ 초이스 스페셜,110000,2025-06-08 22:45:07
9100,0,샤오미 레드미 14C,기타,340900,190000,199100,KT,5G,디즈니+ 초이스 스페셜,110000,2025-06-08 22:45:07
100,0,시나모롤 키즈폰,기타,219900,320000,320100,KT,5G,디즈니+ 초이스 스페셜,110000,2025-06-08 22:45:07
75000,35000,갤럭시 S24 512GB,삼성,0,500000,1298000,KT,5G,디즈니+ 초이스 스페셜,110000,2025-06-08 22:45:07
75000,35000,갤럭시 S24,삼성,0,500000,1155000,KT,5G,디즈니+ 초이스 스페셜,110000,2025-06-08 22:45:07
75000,35000,갤럭시 Z Fold6 1TB,삼성,0,500000,2704900,KT,5G,디즈니+ 초이스 스페셜,110000,2025-06-08 22:45:07
75000,35000,갤럭시 Z Fold6 512GB,삼성,0,500000,2388100,KT,5G,디즈니+ 초이스 스페셜,110000,2025-06-08 22:45:07
75000,35000,갤럭시 Z Fold6,삼성,0,500000,2229700,KT,5G,디즈니+ 초이스 스페셜,110000,2025-06-08 22:45:07
57000,0,갤럭시 Jump3,삼성,103000,380000,438900,KT,5G,디즈니+ 초이스 스페셜,110000,2025-06-08 22:45:07
700,0,샤오미 레드미노트 12,기타,290300,249000,249700,KT,5G,디즈니+ 초이스 스페셜,110000,2025-06-08 22:45:07
2800,0,샤오미 레드미노트 13 Pro 5G,기타,190200,347000,349800,KT,5G,디즈니+ 초이스 스페셜,110000,2025-06-08 22:45:09
8300,0,샤오미 레드미노트 13 Pro 5G 512GB,기타,140700,391000,399300,KT,5G,디즈니+ 초이스 스페셜,110000,2025-06-08 22:45:09
75000,35000,갤럭시 S24 Ultra 512GB,삼성,0,500000,1841400,KT,5G,디즈니+ 초이스 스페셜,110000,2025-06-08 22:45:09
75000,35000,갤럭시 S24+ 512GB,삼성,0,500000,1496000,KT,5G,디즈니+ 초이스 스페셜,110000,2025-06-08 22:45:09
75000,35000,갤럭시 S24 Ultra,삼성,0,500000,1698400,KT,5G,디즈니+ 초이스 스페셜,110000,2025-06-08 22:45:09
75000,35000,갤럭시 S24+,삼성,0,500000,1353000,KT,5G,디즈니+ 초이스 스페셜,110000,2025-06-08 22:45:09
600,0,스타일 폴더,기타,302400,237000,237600,KT,5G,디즈니+ 초이스 스페셜,110000,2025-06-08 22:45:09
75000,35000,갤럭시 S25 엣지 512GB,삼성,0,500000,1639000,KT,5G,삼성 초이스 프리미엄,130000,2025-06-08 22:45:44
75000,35000,갤럭시 S25 엣지 256GB,삼성,0,500000,1496000,KT,5G,삼성 초이스 프리미엄,130000,2025-06-08 22:45:44
105000,265000,갤럭시 S25 Ultra 1TB,삼성,0,700000,2127400,KT,5G,삼성 초이스 프리미엄,130000,2025-06-08 22:45:44
105000,265000,갤럭시 S25 Ultra 512GB,삼성,0,700000,1841400,KT,5G,삼성 초이스 프리미엄,130000,2025-06-08 22:45:44
105000,265000,갤럭시 S25 Ultra 256GB,삼성,0,700000,1698400,KT,5G,삼성 초이스 프리미엄,130000,2025-06-08 22:45:44
105000,265000,갤럭시 S25+ 512GB,삼성,0,700000,1496000,KT,5G,삼성 초이스 프리미엄,130000,2025-06-08 22:45:44
105000,265000,갤럭시 S25+ 256GB,삼성,0,700000,1353000,KT,5G,삼성 초이스 프리미엄,130000,2025-06-08 22:45:44
105000,265000,갤럭시 S25 512GB,삼성,0,700000,1298000,KT,5G,삼성 초이스 프리미엄,130000,2025-06-08 22:45:44
105000,265000,갤럭시 S25 256GB,삼성,0,700000,1155000,KT,5G,삼성 초이스 프리미엄,130000,2025-06-08 22:45:44
105000,265000,갤럭시 S25 크록스 토이스토리 에디션 256GB,삼성,0,700000,1177000,KT,5G,삼성 초이스 프리미엄,130000,2025-06-08 22:45:44
105000,265000,iPhone 16 Pro Max 1TB,기타,0,700000,2497000,KT,5G,삼성 초이스 프리미엄,130000,2025-06-08 22:45:44
105000,265000,iPhone 16 Pro Max 512GB,기타,0,700000,2200000,KT,5G,삼성 초이스 프리미엄,130000,2025-06-08 22:45:44
105000,265000,iPhone 16 Pro Max 256GB,기타,0,700000,1892000,KT,5G,삼성 초이스 프리미엄,130000,2025-06-08 22:45:46
105000,265000,iPhone 16 Pro 1TB,기타,0,700000,2299000,KT,5G,삼성 초이스 프리미엄,130000,2025-06-08 22:45:46
105000,265000,iPhone 16 Pro 512GB,기타,0,700000,1991000,KT,5G,삼성 초이스 프리미엄,130000,2025-06-08 22:45:46
105000,265000,iPhone 16 Pro 256GB,기타,0,700000,1694000,KT,5G,삼성 초이스 프리미엄,130000,2025-06-08 22:45:46
105000,265000,iPhone 16 Pro 128GB,기타,0,700000,1540000,KT,5G,삼성 초이스 프리미엄,130000,2025-06-08 22:45:46
105000,265000,iPhone 16 Plus 512GB,기타,0,700000,1793000,KT,5G,삼성 초이스 프리미엄,130000,2025-06-08 22:45:46
105000,265000,iPhone 16 Plus 256GB,기타,0,700000,1496000,KT,5G,삼성 초이스 프리미엄,130000,2025-06-08 22:45:46
105000,265000,iPhone 16 Plus 128GB,기타,0,700000,1342000,KT,5G,삼성 초이스 프리미엄,130000,2025-06-08 22:45:46
105000,265000,iPhone 16 512GB,기타,0,700000,1694000,KT,5G,삼성 초이스 프리미엄,130000,2025-06-08 22:45:46
105000,265000,iPhone 16 256GB,기타,0,700000,1397000,KT,5G,삼성 초이스 프리미엄,130000,2025-06-08 22:45:46
105000,265000,iPhone 16 128GB,기타,0,700000,1243000,KT,5G,삼성 초이스 프리미엄,130000,2025-06-08 22:45:46
75000,35000,iPhone 16e 512GB,기타,0,500000,1430000,KT,5G,삼성 초이스 프리미엄,130000,2025-06-08 22:45:46
75000,35000,iPhone 16e 256GB,기타,0,500000,1133000,KT,5G,삼성 초이스 프리미엄,130000,2025-06-08 22:45:47
75000,35000,iPhone 16e 128GB,기타,0,500000,990000,KT,5G,삼성 초이스 프리미엄,130000,2025-06-08 22:45:47
90000,150000,갤럭시 S24 FE,삼성,0,600000,946000,KT,5G,삼성 초이스 프리미엄,130000,2025-06-08 22:45:47
19000,0,갤럭시 A16,삼성,221000,300000,319000,KT,5G,삼성 초이스 프리미엄,130000,2025-06-08 22:45:47
400,0,맘편안폰3,기타,40600,499000,499400,KT,5G,삼성 초이스 프리미엄,130000,2025-06-08 22:45:47
900,0,갤럭시 A25 5G,삼성,90100,449000,449900,KT,5G,삼성 초이스 프리미엄,130000,2025-06-08 22:45:47
19000,0,갤럭시 A15,삼성,221000,300000,319000,KT,5G,삼성 초이스 프리미엄,130000,2025-06-08 22:45:47
27200,0,moto g34 5G 128GB,기타,328800,184000,211200,KT,5G,삼성 초이스 프리미엄,130000,2025-06-08 22:45:47
22500,0,클래식 폴더 64GB,기타,367500,150000,205700,KT,5G,삼성 초이스 프리미엄,130000,2025-06-08 22:45:47
90000,150000,갤럭시 S23 Ultra,삼성,0,600000,1599400,KT,5G,삼성 초이스 프리미엄,130000,2025-06-08 22:45:47
90000,150000,갤럭시 S23+,삼성,0,600000,1353000,KT,5G,삼성 초이스 프리미엄,130000,2025-06-08 22:45:47
105000,265000,iPhone 14 Pro 1T,기타,0,700000,1969000,KT,5G,삼성 초이스 프리미엄,130000,2025-06-08 22:45:47
105000,265000,iPhone 14 Pro 512G,기타,0,700000,1661000,KT,5G,삼성 초이스 프리미엄,130000,2025-06-08 22:45:49
105000,265000,iPhone 14 Pro 256G,기타,0,700000,1364000,KT,5G,삼성 초이스 프리미엄,130000,2025-06-08 22:45:49
105000,265000,iPhone 14 Pro 128G,기타,0,700000,1210000,KT,5G,삼성 초이스 프리미엄,130000,2025-06-08 22:45:49
105000,265000,iPhone 14 Pro Max 1T,기타,0,700000,2167000,KT,5G,삼성 초이스 프리미엄,130000,2025-06-08 22:45:49
105000,265000,iPhone 14 Pro Max 512G,기타,0,700000,1870000,KT,5G,삼성 초이스 프리미엄,130000,2025-06-08 22:45:49
105000,265000,iPhone 14 Pro Max 256G,기타,0,700000,1562000,KT,5G,삼성 초이스 프리미엄,130000,2025-06-08 22:45:49
105000,265000,iPhone 14 Pro Max 128G,기타,0,700000,1419000,KT,5G,삼성 초이스 프리미엄,130000,2025-06-08 22:45:49
90000,150000,iPhone 14 512G,기타,0,600000,1364000,KT,5G,삼성 초이스 프리미엄,130000,2025-06-08 22:45:49
90000,150000,iPhone 14 256G,기타,0,600000,1067000,KT,5G,삼성 초이스 프리미엄,130000,2025-06-08 22:45:49
90000,150000,iPhone 14 128G,기타,0,600000,913000,KT,5G,삼성 초이스 프리미엄,130000,2025-06-08 22:45:49
90000,150000,iPhone 14 Plus 512G,기타,0,600000,1463000,KT,5G,삼성 초이스 프리미엄,130000,2025-06-08 22:45:49
90000,150000,iPhone 14 Plus 256G,기타,0,600000,1166000,KT,5G,삼성 초이스 프리미엄,130000,2025-06-08 22:45:49
90000,150000,iPhone 14 Plus 128G,기타,0,600000,1012000,KT,5G,삼성 초이스 프리미엄,130000,2025-06-08 22:45:52
51000,0,갤럭시 A24,삼성,144000,345000,396000,KT,5G,삼성 초이스 프리미엄,130000,2025-06-08 22:45:52
22500,0,샤오미 레드미노트 14 Pro 5G,기타,367500,150000,399300,KT,5G,삼성 초이스 프리미엄,130000,2025-06-08 22:45:52
64400,0,샤오미 레드미노트 14 Pro 5G 512GB,기타,40600,435000,499400,KT,5G,삼성 초이스 프리미엄,130000,2025-06-08 22:45:52
90000,150000,갤럭시 Z Fold5 512GB,삼성,0,600000,2018500,KT,5G,삼성 초이스 프리미엄,130000,2025-06-08 22:45:52
90000,150000,갤럭시 Z Fold5,삼성,0,600000,1897500,KT,5G,삼성 초이스 프리미엄,130000,2025-06-08 22:45:52
90000,150000,갤럭시 Z Flip5 512GB,삼성,0,600000,1421200,KT,5G,삼성 초이스 프리미엄,130000,2025-06-08 22:45:52
90000,150000,갤럭시 Z Flip5,삼성,0,600000,1300200,KT,5G,삼성 초이스 프리미엄,130000,2025-06-08 22:45:52
90000,150000,iPhone 13 128G,기타,0,600000,748000,KT,5G,삼성 초이스 프리미엄,130000,2025-06-08 22:45:52
45000,0,포차코 키즈폰,기타,195000,300000,349800,KT,5G,삼성 초이스 프리미엄,130000,2025-06-08 22:45:52
19800,0,모토로라 엣지 50 퓨전,기타,190200,330000,349800,KT,5G,삼성 초이스 프리미엄,130000,2025-06-08 22:45:52
90000,150000,iPhone 15 Pro 1T,기타,0,600000,2079000,KT,5G,삼성 초이스 프리미엄,130000,2025-06-08 22:45:52
90000,150000,iPhone 15 Pro 512G,기타,0,600000,1771000,KT,5G,삼성 초이스 프리미엄,130000,2025-06-08 22:45:55
90000,150000,iPhone 15 Pro 256G,기타,0,600000,1474000,KT,5G,삼성 초이스 프리미엄,130000,2025-06-08 22:45:55
90000,150000,iPhone 15 Pro 128G,기타,0,600000,1320000,KT,5G,삼성 초이스 프리미엄,130000,2025-06-08 22:45:55
90000,150000,iPhone 15 Pro Max 1T,기타,0,600000,2277000,KT,5G,삼성 초이스 프리미엄,130000,2025-06-08 22:45:55
90000,150000,iPhone 15 Pro Max 512G,기타,0,600000,1980000,KT,5G,삼성 초이스 프리미엄,130000,2025-06-08 22:45:55
90000,150000,iPhone 15 Pro Max 256G,기타,0,600000,1672000,KT,5G,삼성 초이스 프리미엄,130000,2025-06-08 22:45:55
90000,150000,iPhone 15 512G,기타,0,600000,1474000,KT,5G,삼성 초이스 프리미엄,130000,2025-06-08 22:45:55
90000,150000,iPhone 15 256G,기타,0,600000,1177000,KT,5G,삼성 초이스 프리미엄,130000,2025-06-08 22:45:55
90000,150000,iPhone 15 128G,기타,0,600000,1023000,KT,5G,삼성 초이스 프리미엄,130000,2025-06-08 22:45:55
90000,150000,iPhone 15 Plus 512G,기타,0,600000,1573000,KT,5G,삼성 초이스 프리미엄,130000,2025-06-08 22:45:55
90000,150000,iPhone 15 Plus 256G,기타,0,600000,1276000,KT,5G,삼성 초이스 프리미엄,130000,2025-06-08 22:45:55
90000,150000,iPhone 15 Plus 128G,기타,0,600000,1122000,KT,5G,삼성 초이스 프리미엄,130000,2025-06-08 22:45:55
90000,150000,갤럭시 Z Flip6 512GB,삼성,0,600000,1643400,KT,5G,삼성 초이스 프리미엄,130000,2025-06-08 22:45:57
90000,150000,갤럭시 Z Flip6,삼성,0,600000,1485000,KT,5G,삼성 초이스 프리미엄,130000,2025-06-08 22:45:57
90000,150000,갤럭시 Z Flip6 마루는강쥐 에디션,삼성,0,600000,1507000,KT,5G,삼성 초이스 프리미엄,130000,2025-06-08 22:45:57
9100,0,샤오미 레드미 14C,기타,340900,190000,199100,KT,5G,삼성 초이스 프리미엄,130000,2025-06-08 22:45:57
100,0,시나모롤 키즈폰,기타,219900,320000,320100,KT,5G,삼성 초이스 프리미엄,130000,2025-06-08 22:45:57
75000,35000,갤럭시 S24 512GB,삼성,0,500000,1298000,KT,5G,삼성 초이스 프리미엄,130000,2025-06-08 22:45:57
75000,35000,갤럭시 S24,삼성,0,500000,1155000,KT,5G,삼성 초이스 프리미엄,130000,2025-06-08 22:45:57
75000,35000,갤럭시 Z Fold6 1TB,삼성,0,500000,2704900,KT,5G,삼성 초이스 프리미엄,130000,2025-06-08 22:45:57
75000,35000,갤럭시 Z Fold6 512GB,삼성,0,500000,2388100,KT,5G,삼성 초이스 프리미엄,130000,2025-06-08 22:45:57
75000,35000,갤럭시 Z Fold6,삼성,0,500000,2229700,KT,5G,삼성 초이스 프리미엄,130000,2025-06-08 22:45:57
57000,0,갤럭시 Jump3,삼성,103000,380000,438900,KT,5G,삼성 초이스 프리미엄,130000,2025-06-08 22:45:57
700,0,샤오미 레드미노트 12,기타,290300,249000,249700,KT,5G,삼성 초이스 프리미엄,130000,2025-06-08 22:45:57
2800,0,샤오미 레드미노트 13 Pro 5G,기타,190200,347000,349800,KT,5G,삼성 초이스 프리미엄,130000,2025-06-08 22:45:59
8300,0,샤오미 레드미노트 13 Pro 5G 512GB,기타,140700,391000,399300,KT,5G,삼성 초이스 프리미엄,130000,2025-06-08 22:45:59
75000,35000,갤럭시 S24 Ultra 512GB,삼성,0,500000,1841400,KT,5G,삼성 초이스 프리미엄,130000,2025-06-08 22:45:59
75000,35000,갤럭시 S24+ 512GB,삼성,0,500000,1496000,KT,5G,삼성 초이스 프리미엄,130000,2025-06-08 22:45:59
75000,35000,갤럭시 S24 Ultra,삼성,0,500000,1698400,KT,5G,삼성 초이스 프리미엄,130000,2025-06-08 22:45:59
75000,35000,갤럭시 S24+,삼성,0,500000,1353000,KT,5G,삼성 초이스 프리미엄,130000,2025-06-08 22:45:59
600,0,스타일 폴더,기타,302400,237000,237600,KT,5G,삼성 초이스 프리미엄,130000,2025-06-08 22:45:59
75000,35000,갤럭시 S25 엣지 512GB,삼성,0,500000,1639000,KT,5G,디바이스 초이스 베이직,90000,2025-06-08 22:46:19
75000,35000,갤럭시 S25 엣지 256GB,삼성,0,500000,1496000,KT,5G,디바이스 초이스 베이직,90000,2025-06-08 22:46:19
105000,265000,갤럭시 S25 Ultra 1TB,삼성,0,700000,2127400,KT,5G,디바이스 초이스 베이직,90000,2025-06-08 22:46:19
105000,265000,갤럭시 S25 Ultra 512GB,삼성,0,700000,1841400,KT,5G,디바이스 초이스 베이직,90000,2025-06-08 22:46:19
105000,265000,갤럭시 S25 Ultra 256GB,삼성,0,700000,1698400,KT,5G,디바이스 초이스 베이직,90000,2025-06-08 22:46:19
105000,265000,갤럭시 S25+ 512GB,삼성,0,700000,1496000,KT,5G,디바이스 초이스 베이직,90000,2025-06-08 22:46:19
105000,265000,갤럭시 S25+ 256GB,삼성,0,700000,1353000,KT,5G,디바이스 초이스 베이직,90000,2025-06-08 22:46:19
105000,265000,갤럭시 S25 512GB,삼성,0,700000,1298000,KT,5G,디바이스 초이스 베이직,90000,2025-06-08 22:46:19
105000,265000,갤럭시 S25 256GB,삼성,0,700000,1155000,KT,5G,디바이스 초이스 베이직,90000,2025-06-08 22:46:19
105000,265000,갤럭시 S25 크록스 토이스토리 에디션 256GB,삼성,0,700000,1177000,KT,5G,디바이스 초이스 베이직,90000,2025-06-08 22:46:19
105000,265000,iPhone 16 Pro Max 1TB,기타,0,700000,2497000,KT,5G,디바이스 초이스 베이직,90000,2025-06-08 22:46:19
105000,265000,iPhone 16 Pro Max 512GB,기타,0,700000,2200000,KT,5G,디바이스 초이스 베이직,90000,2025-06-08 22:46:19
105000,265000,iPhone 16 Pro Max 256GB,기타,0,700000,1892000,KT,5G,디바이스 초이스 베이직,90000,2025-06-08 22:46:21
105000,265000,iPhone 16 Pro 1TB,기타,0,700000,2299000,KT,5G,디바이스 초이스 베이직,90000,2025-06-08 22:46:21
105000,265000,iPhone 16 Pro 512GB,기타,0,700000,1991000,KT,5G,디바이스 초이스 베이직,90000,2025-06-08 22:46:21
105000,265000,iPhone 16 Pro 256GB,기타,0,700000,1694000,KT,5G,디바이스 초이스 베이직,90000,2025-06-08 22:46:21
105000,265000,iPhone 16 Pro 128GB,기타,0,700000,1540000,KT,5G,디바이스 초이스 베이직,90000,2025-06-08 22:46:21
105000,265000,iPhone 16 Plus 512GB,기타,0,700000,1793000,KT,5G,디바이스 초이스 베이직,90000,2025-06-08 22:46:21
105000,265000,iPhone 16 Plus 256GB,기타,0,700000,1496000,KT,5G,디바이스 초이스 베이직,90000,2025-06-08 22:46:21
105000,265000,iPhone 16 Plus 128GB,기타,0,700000,1342000,KT,5G,디바이스 초이스 베이직,90000,2025-06-08 22:46:21
105000,265000,iPhone 16 512GB,기타,0,700000,1694000,KT,5G,디바이스 초이스 베이직,90000,2025-06-08 22:46:21
105000,265000,iPhone 16 256GB,기타,0,700000,1397000,KT,5G,디바이스 초이스 베이직,90000,2025-06-08 22:46:21
105000,265000,iPhone 16 128GB,기타,0,700000,1243000,KT,5G,디바이스 초이스 베이직,90000,2025-06-08 22:46:21
75000,35000,iPhone 16e 512GB,기타,0,500000,1430000,KT,5G,디바이스 초이스 베이직,90000,2025-06-08 22:46:21
75000,35000,iPhone 16e 256GB,기타,0,500000,1133000,KT,5G,디바이스 초이스 베이직,90000,2025-06-08 22:46:23
75000,35000,iPhone 16e 128GB,기타,0,500000,990000,KT,5G,디바이스 초이스 베이직,90000,2025-06-08 22:46:23
90000,150000,갤럭시 S24 FE,삼성,0,600000,946000,KT,5G,디바이스 초이스 베이직,90000,2025-06-08 22:46:23
19000,0,갤럭시 A16,삼성,221000,300000,319000,KT,5G,디바이스 초이스 베이직,90000,2025-06-08 22:46:23
400,0,맘편안폰3,기타,40600,499000,499400,KT,5G,디바이스 초이스 베이직,90000,2025-06-08 22:46:23
900,0,갤럭시 A25 5G,삼성,90100,449000,449900,KT,5G,디바이스 초이스 베이직,90000,2025-06-08 22:46:23
19000,0,갤럭시 A15,삼성,221000,300000,319000,KT,5G,디바이스 초이스 베이직,90000,2025-06-08 22:46:23
27200,0,moto g34 5G 128GB,기타,328800,184000,211200,KT,5G,디바이스 초이스 베이직,90000,2025-06-08 22:46:23
22500,0,클래식 폴더 64GB,기타,367500,150000,205700,KT,5G,디바이스 초이스 베이직,90000,2025-06-08 22:46:23
90000,150000,갤럭시 S23 Ultra,삼성,0,600000,1599400,KT,5G,디바이스 초이스 베이직,90000,2025-06-08 22:46:23
90000,150000,갤럭시 S23+,삼성,0,600000,1353000,KT,5G,디바이스 초이스 베이직,90000,2025-06-08 22:46:23
105000,265000,iPhone 14 Pro 1T,기타,0,700000,1969000,KT,5G,디바이스 초이스 베이직,90000,2025-06-08 22:46:23
105000,265000,iPhone 14 Pro 512G,기타,0,700000,1661000,KT,5G,디바이스 초이스 베이직,90000,2025-06-08 22:46:27
105000,265000,iPhone 14 Pro 256G,기타,0,700000,1364000,KT,5G,디바이스 초이스 베이직,90000,2025-06-08 22:46:27
105000,265000,iPhone 14 Pro 128G,기타,0,700000,1210000,KT,5G,디바이스 초이스 베이직,90000,2025-06-08 22:46:27
105000,265000,iPhone 14 Pro Max 1T,기타,0,700000,2167000,KT,5G,디바이스 초이스 베이직,90000,2025-06-08 22:46:27
105000,265000,iPhone 14 Pro Max 512G,기타,0,700000,1870000,KT,5G,디바이스 초이스 베이직,90000,2025-06-08 22:46:27
105000,265000,iPhone 14 Pro Max 256G,기타,0,700000,1562000,KT,5G,디바이스 초이스 베이직,90000,2025-06-08 22:46:27
105000,265000,iPhone 14 Pro Max 128G,기타,0,700000,1419000,KT,5G,디바이스 초이스 베이직,90000,2025-06-08 22:46:27
90000,150000,iPhone 14 512G,기타,0,600000,1364000,KT,5G,디바이스 초이스 베이직,90000,2025-06-08 22:46:27
90000,150000,iPhone 14 256G,기타,0,600000,1067000,KT,5G,디바이스 초이스 베이직,90000,2025-06-08 22:46:27
90000,150000,iPhone 14 128G,기타,0,600000,913000,KT,5G,디바이스 초이스 베이직,90000,2025-06-08 22:46:27
90000,150000,iPhone 14 Plus 512G,기타,0,600000,1463000,KT,5G,디바이스 초이스 베이직,90000,2025-06-08 22:46:27
90000,150000,iPhone 14 Plus 256G,기타,0,600000,1166000,KT,5G,디바이스 초이스 베이직,90000,2025-06-08 22:46:27
90000,150000,iPhone 14 Plus 128G,기타,0,600000,1012000,KT,5G,디바이스 초이스 베이직,90000,2025-06-08 22:46:31
51000,0,갤럭시 A24,삼성,144000,345000,396000,KT,5G,디바이스 초이스 베이직,90000,2025-06-08 22:46:31
22500,0,샤오미 레드미노트 14 Pro 5G,기타,367500,150000,399300,KT,5G,디바이스 초이스 베이직,90000,2025-06-08 22:46:31
64400,0,샤오미 레드미노트 14 Pro 5G 512GB,기타,40600,435000,499400,KT,5G,디바이스 초이스 베이직,90000,2025-06-08 22:46:31
90000,150000,갤럭시 Z Fold5 512GB,삼성,0,600000,2018500,KT,5G,디바이스 초이스 베이직,90000,2025-06-08 22:46:31
90000,150000,갤럭시 Z Fold5,삼성,0,600000,1897500,KT,5G,디바이스 초이스 베이직,90000,2025-06-08 22:46:31
90000,150000,갤럭시 Z Flip5 512GB,삼성,0,600000,1421200,KT,5G,디바이스 초이스 베이직,90000,2025-06-08 22:46:31
90000,150000,갤럭시 Z Flip5,삼성,0,600000,1300200,KT,5G,디바이스 초이스 베이직,90000,2025-06-08 22:46:31
90000,150000,iPhone 13 128G,기타,0,600000,748000,KT,5G,디바이스 초이스 베이직,90000,2025-06-08 22:46:31
45000,0,포차코 키즈폰,기타,195000,300000,349800,KT,5G,디바이스 초이스 베이직,90000,2025-06-08 22:46:31
19800,0,모토로라 엣지 50 퓨전,기타,190200,330000,349800,KT,5G,디바이스 초이스 베이직,90000,2025-06-08 22:46:31
90000,150000,iPhone 15 Pro 1T,기타,0,600000,2079000,KT,5G,디바이스 초이스 베이직,90000,2025-06-08 22:46:31
90000,150000,iPhone 15 Pro 512G,기타,0,600000,1771000,KT,5G,디바이스 초이스 베이직,90000,2025-06-08 22:46:33
90000,150000,iPhone 15 Pro 256G,기타,0,600000,1474000,KT,5G,디바이스 초이스 베이직,90000,2025-06-08 22:46:33
90000,150000,iPhone 15 Pro 128G,기타,0,600000,1320000,KT,5G,디바이스 초이스 베이직,90000,2025-06-08 22:46:33
90000,150000,iPhone 15 Pro Max 1T,기타,0,600000,2277000,KT,5G,디바이스 초이스 베이직,90000,2025-06-08 22:46:33
90000,150000,iPhone 15 Pro Max 512G,기타,0,600000,1980000,KT,5G,디바이스 초이스 베이직,90000,2025-06-08 22:46:33
90000,150000,iPhone 15 Pro Max 256G,기타,0,600000,1672000,KT,5G,디바이스 초이스 베이직,90000,2025-06-08 22:46:33
90000,150000,iPhone 15 512G,기타,0,600000,1474000,KT,5G,디바이스 초이스 베이직,90000,2025-06-08 22:46:33
90000,150000,iPhone 15 256G,기타,0,600000,1177000,KT,5G,디바이스 초이스 베이직,90000,2025-06-08 22:46:33
90000,150000,iPhone 15 128G,기타,0,600000,1023000,KT,5G,디바이스 초이스 베이직,90000,2025-06-08 22:46:33
90000,150000,iPhone 15 Plus 512G,기타,0,600000,1573000,KT,5G,디바이스 초이스 베이직,90000,2025-06-08 22:46:33
90000,150000,iPhone 15 Plus 256G,기타,0,600000,1276000,KT,5G,디바이스 초이스 베이직,90000,2025-06-08 22:46:33
90000,150000,iPhone 15 Plus 128G,기타,0,600000,1122000,KT,5G,디바이스 초이스 베이직,90000,2025-06-08 22:46:33
90000,150000,갤럭시 Z Flip6 512GB,삼성,0,600000,1643400,KT,5G,디바이스 초이스 베이직,90000,2025-06-08 22:46:35
90000,150000,갤럭시 Z Flip6,삼성,0,600000,1485000,KT,5G,디바이스 초이스 베이직,90000,2025-06-08 22:46:35
90000,150000,갤럭시 Z Flip6 마루는강쥐 에디션,삼성,0,600000,1507000,KT,5G,디바이스 초이스 베이직,90000,2025-06-08 22:46:35
9100,0,샤오미 레드미 14C,기타,340900,190000,199100,KT,5G,디바이스 초이스 베이직,90000,2025-06-08 22:46:35
100,0,시나모롤 키즈폰,기타,219900,320000,320100,KT,5G,디바이스 초이스 베이직,90000,2025-06-08 22:46:35
75000,35000,갤럭시 S24 512GB,삼성,0,500000,1298000,KT,5G,디바이스 초이스 베이직,90000,2025-06-08 22:46:35
75000,35000,갤럭시 S24,삼성,0,500000,1155000,KT,5G,디바이스 초이스 베이직,90000,2025-06-08 22:46:35
75000,35000,갤럭시 Z Fold6 1TB,삼성,0,500000,2704900,KT,5G,디바이스 초이스 베이직,90000,2025-06-08 22:46:35
75000,35000,갤럭시 Z Fold6 512GB,삼성,0,500000,2388100,KT,5G,디바이스 초이스 베이직,90000,2025-06-08 22:46:35
75000,35000,갤럭시 Z Fold6,삼성,0,500000,2229700,KT,5G,디바이스 초이스 베이직,90000,2025-06-08 22:46:35
57000,0,갤럭시 Jump3,삼성,103000,380000,438900,KT,5G,디바이스 초이스 베이직,90000,2025-06-08 22:46:35
700,0,샤오미 레드미노트 12,기타,290300,249000,249700,KT,5G,디바이스 초이스 베이직,90000,2025-06-08 22:46:35
2800,0,샤오미 레드미노트 13 Pro 5G,기타,190200,347000,349800,KT,5G,디바이스 초이스 베이직,90000,2025-06-08 22:46:36
8300,0,샤오미 레드미노트 13 Pro 5G 512GB,기타,140700,391000,399300,KT,5G,디바이스 초이스 베이직,90000,2025-06-08 22:46:36
75000,35000,갤럭시 S24 Ultra 512GB,삼성,0,500000,1841400,KT,5G,디바이스 초이스 베이직,90000,2025-06-08 22:46:36
75000,35000,갤럭시 S24+ 512GB,삼성,0,500000,1496000,KT,5G,디바이스 초이스 베이직,90000,2025-06-08 22:46:36
75000,35000,갤럭시 S24 Ultra,삼성,0,500000,1698400,KT,5G,디바이스 초이스 베이직,90000,2025-06-08 22:46:36
75000,35000,갤럭시 S24+,삼성,0,500000,1353000,KT,5G,디바이스 초이스 베이직,90000,2025-06-08 22:46:36
600,0,스타일 폴더,기타,302400,237000,237600,KT,5G,디바이스 초이스 베이직,90000,2025-06-08 22:46:36
75000,35000,갤럭시 S25 엣지 512GB,삼성,0,500000,1639000,KT,5G,폰케어 초이스 프리미엄,130000,2025-06-08 22:46:33
75000,35000,갤럭시 S25 엣지 256GB,삼성,0,500000,1496000,KT,5G,폰케어 초이스 프리미엄,130000,2025-06-08 22:46:33
105000,265000,갤럭시 S25 Ultra 1TB,삼성,0,700000,2127400,KT,5G,폰케어 초이스 프리미엄,130000,2025-06-08 22:46:33
105000,265000,갤럭시 S25 Ultra 512GB,삼성,0,700000,1841400,KT,5G,폰케어 초이스 프리미엄,130000,2025-06-08 22:46:33
105000,265000,갤럭시 S25 Ultra 256GB,삼성,0,700000,1698400,KT,5G,폰케어 초이스 프리미엄,130000,2025-06-08 22:46:33
105000,265000,갤럭시 S25+ 512GB,삼성,0,700000,1496000,KT,5G,폰케어 초이스 프리미엄,130000,2025-06-08 22:46:33
105000,265000,갤럭시 S25+ 256GB,삼성,0,700000,1353000,KT,5G,폰케어 초이스 프리미엄,130000,2025-06-08 22:46:33
105000,265000,갤럭시 S25 512GB,삼성,0,700000,1298000,KT,5G,폰케어 초이스 프리미엄,130000,2025-06-08 22:46:33
105000,265000,갤럭시 S25 256GB,삼성,0,700000,1155000,KT,5G,폰케어 초이스 프리미엄,130000,2025-06-08 22:46:33
105000,265000,갤럭시 S25 크록스 토이스토리 에디션 256GB,삼성,0,700000,1177000,KT,5G,폰케어 초이스 프리미엄,130000,2025-06-08 22:46:33
105000,265000,iPhone 16 Pro Max 1TB,기타,0,700000,2497000,KT,5G,폰케어 초이스 프리미엄,130000,2025-06-08 22:46:33
105000,265000,iPhone 16 Pro Max 512GB,기타,0,700000,2200000,KT,5G,폰케어 초이스 프리미엄,130000,2025-06-08 22:46:33
105000,265000,iPhone 16 Pro Max 256GB,기타,0,700000,1892000,KT,5G,폰케어 초이스 프리미엄,130000,2025-06-08 22:46:34
105000,265000,iPhone 16 Pro 1TB,기타,0,700000,2299000,KT,5G,폰케어 초이스 프리미엄,130000,2025-06-08 22:46:34
105000,265000,iPhone 16 Pro 512GB,기타,0,700000,1991000,KT,5G,폰케어 초이스 프리미엄,130000,2025-06-08 22:46:34
105000,265000,iPhone 16 Pro 256GB,기타,0,700000,1694000,KT,5G,폰케어 초이스 프리미엄,130000,2025-06-08 22:46:34
105000,265000,iPhone 16 Pro 128GB,기타,0,700000,1540000,KT,5G,폰케어 초이스 프리미엄,130000,2025-06-08 22:46:34
105000,265000,iPhone 16 Plus 512GB,기타,0,700000,1793000,KT,5G,폰케어 초이스 프리미엄,130000,2025-06-08 22:46:34
105000,265000,iPhone 16 Plus 256GB,기타,0,700000,1496000,KT,5G,폰케어 초이스 프리미엄,130000,2025-06-08 22:46:34
105000,265000,iPhone 16 Plus 128GB,기타,0,700000,1342000,KT,5G,폰케어 초이스 프리미엄,130000,2025-06-08 22:46:34
105000,265000,iPhone 16 512GB,기타,0,700000,1694000,KT,5G,폰케어 초이스 프리미엄,130000,2025-06-08 22:46:34
105000,265000,iPhone 16 256GB,기타,0,700000,1397000,KT,5G,폰케어 초이스 프리미엄,130000,2025-06-08 22:46:34
105000,265000,iPhone 16 128GB,기타,0,700000,1243000,KT,5G,폰케어 초이스 프리미엄,130000,2025-06-08 22:46:34
75000,35000,iPhone 16e 512GB,기타,0,500000,1430000,KT,5G,폰케어 초이스 프리미엄,130000,2025-06-08 22:46:34
75000,35000,iPhone 16e 256GB,기타,0,500000,1133000,KT,5G,폰케어 초이스 프리미엄,130000,2025-06-08 22:46:36
75000,35000,iPhone 16e 128GB,기타,0,500000,990000,KT,5G,폰케어 초이스 프리미엄,130000,2025-06-08 22:46:36
90000,150000,갤럭시 S24 FE,삼성,0,600000,946000,KT,5G,폰케어 초이스 프리미엄,130000,2025-06-08 22:46:36
19000,0,갤럭시 A16,삼성,221000,300000,319000,KT,5G,폰케어 초이스 프리미엄,130000,2025-06-08 22:46:36
400,0,맘편안폰3,기타,40600,499000,499400,KT,5G,폰케어 초이스 프리미엄,130000,2025-06-08 22:46:36
900,0,갤럭시 A25 5G,삼성,90100,449000,449900,KT,5G,폰케어 초이스 프리미엄,130000,2025-06-08 22:46:36
19000,0,갤럭시 A15,삼성,221000,300000,319000,KT,5G,폰케어 초이스 프리미엄,130000,2025-06-08 22:46:36
27200,0,moto g34 5G 128GB,기타,328800,184000,211200,KT,5G,폰케어 초이스 프리미엄,130000,2025-06-08 22:46:36
22500,0,클래식 폴더 64GB,기타,367500,150000,205700,KT,5G,폰케어 초이스 프리미엄,130000,2025-06-08 22:46:36
90000,150000,갤럭시 S23 Ultra,삼성,0,600000,1599400,KT,5G,폰케어 초이스 프리미엄,130000,2025-06-08 22:46:36
90000,150000,갤럭시 S23+,삼성,0,600000,1353000,KT,5G,폰케어 초이스 프리미엄,130000,2025-06-08 22:46:36
105000,265000,iPhone 14 Pro 1T,기타,0,700000,1969000,KT,5G,폰케어 초이스 프리미엄,130000,2025-06-08 22:46:36
105000,265000,iPhone 14 Pro 512G,기타,0,700000,1661000,KT,5G,폰케어 초이스 프리미엄,130000,2025-06-08 22:46:37
105000,265000,iPhone 14 Pro 256G,기타,0,700000,1364000,KT,5G,폰케어 초이스 프리미엄,130000,2025-06-08 22:46:37
105000,265000,iPhone 14 Pro 128G,기타,0,700000,1210000,KT,5G,폰케어 초이스 프리미엄,130000,2025-06-08 22:46:37
105000,265000,iPhone 14 Pro Max 1T,기타,0,700000,2167000,KT,5G,폰케어 초이스 프리미엄,130000,2025-06-08 22:46:37
105000,265000,iPhone 14 Pro Max 512G,기타,0,700000,1870000,KT,5G,폰케어 초이스 프리미엄,130000,2025-06-08 22:46:37
105000,265000,iPhone 14 Pro Max 256G,기타,0,700000,1562000,KT,5G,폰케어 초이스 프리미엄,130000,2025-06-08 22:46:37
105000,265000,iPhone 14 Pro Max 128G,기타,0,700000,1419000,KT,5G,폰케어 초이스 프리미엄,130000,2025-06-08 22:46:37
90000,150000,iPhone 14 512G,기타,0,600000,1364000,KT,5G,폰케어 초이스 프리미엄,130000,2025-06-08 22:46:37
90000,150000,iPhone 14 256G,기타,0,600000,1067000,KT,5G,폰케어 초이스 프리미엄,130000,2025-06-08 22:46:37
90000,150000,iPhone 14 128G,기타,0,600000,913000,KT,5G,폰케어 초이스 프리미엄,130000,2025-06-08 22:46:37
90000,150000,iPhone 14 Plus 512G,기타,0,600000,1463000,KT,5G,폰케어 초이스 프리미엄,130000,2025-06-08 22:46:37
90000,150000,iPhone 14 Plus 256G,기타,0,600000,1166000,KT,5G,폰케어 초이스 프리미엄,130000,2025-06-08 22:46:37
90000,150000,iPhone 14 Plus 128G,기타,0,600000,1012000,KT,5G,폰케어 초이스 프리미엄,130000,2025-06-08 22:46:38
51000,0,갤럭시 A24,삼성,144000,345000,396000,KT,5G,폰케어 초이스 프리미엄,130000,2025-06-08 22:46:38
22500,0,샤오미 레드미노트 14 Pro 5G,기타,367500,150000,399300,KT,5G,폰케어 초이스 프리미엄,130000,2025-06-08 22:46:38
64400,0,샤오미 레드미노트 14 Pro 5G 512GB,기타,40600,435000,499400,KT,5G,폰케어 초이스 프리미엄,130000,2025-06-08 22:46:38
90000,150000,갤럭시 Z Fold5 512GB,삼성,0,600000,2018500,KT,5G,폰케어 초이스 프리미엄,130000,2025-06-08 22:46:38
90000,150000,갤럭시 Z Fold5,삼성,0,600000,1897500,KT,5G,폰케어 초이스 프리미엄,130000,2025-06-08 22:46:38
90000,150000,갤럭시 Z Flip5 512GB,삼성,0,600000,1421200,KT,5G,폰케어 초이스 프리미엄,130000,2025-06-08 22:46:38
90000,150000,갤럭시 Z Flip5,삼성,0,600000,1300200,KT,5G,폰케어 초이스 프리미엄,130000,2025-06-08 22:46:38
90000,150000,iPhone 13 128G,기타,0,600000,748000,KT,5G,폰케어 초이스 프리미엄,130000,2025-06-08 22:46:38
45000,0,포차코 키즈폰,기타,195000,300000,349800,KT,5G,폰케어 초이스 프리미엄,130000,2025-06-08 22:46:38
19800,0,모토로라 엣지 50 퓨전,기타,190200,330000,349800,KT,5G,폰케어 초이스 프리미엄,130000,2025-06-08 22:46:38
90000,150000,iPhone 15 Pro 1T,기타,0,600000,2079000,KT,5G,폰케어 초이스 프리미엄,130000,2025-06-08 22:46:38
90000,150000,iPhone 15 Pro 512G,기타,0,600000,1771000,KT,5G,폰케어 초이스 프리미엄,130000,2025-06-08 22:46:40
90000,150000,iPhone 15 Pro 256G,기타,0,600000,1474000,KT,5G,폰케어 초이스 프리미엄,130000,2025-06-08 22:46:40
90000,150000,iPhone 15 Pro 128G,기타,0,600000,1320000,KT,5G,폰케어 초이스 프리미엄,130000,2025-06-08 22:46:40
90000,150000,iPhone 15 Pro Max 1T,기타,0,600000,2277000,KT,5G,폰케어 초이스 프리미엄,130000,2025-06-08 22:46:40
90000,150000,iPhone 15 Pro Max 512G,기타,0,600000,1980000,KT,5G,폰케어 초이스 프리미엄,130000,2025-06-08 22:46:40
90000,150000,iPhone 15 Pro Max 256G,기타,0,600000,1672000,KT,5G,폰케어 초이스 프리미엄,130000,2025-06-08 22:46:40
90000,150000,iPhone 15 512G,기타,0,600000,1474000,KT,5G,폰케어 초이스 프리미엄,130000,2025-06-08 22:46:40
90000,150000,iPhone 15 256G,기타,0,600000,1177000,KT,5G,폰케어 초이스 프리미엄,130000,2025-06-08 22:46:40
90000,150000,iPhone 15 128G,기타,0,600000,1023000,KT,5G,폰케어 초이스 프리미엄,130000,2025-06-08 22:46:40
90000,150000,iPhone 15 Plus 512G,기타,0,600000,1573000,KT,5G,폰케어 초이스 프리미엄,130000,2025-06-08 22:46:40
90000,150000,iPhone 15 Plus 256G,기타,0,600000,1276000,KT,5G,폰케어 초이스 프리미엄,130000,2025-06-08 22:46:40
90000,150000,iPhone 15 Plus 128G,기타,0,600000,1122000,KT,5G,폰케어 초이스 프리미엄,130000,2025-06-08 22:46:40
90000,150000,갤럭시 Z Flip6 512GB,삼성,0,600000,1643400,KT,5G,폰케어 초이스 프리미엄,130000,2025-06-08 22:46:42
90000,150000,갤럭시 Z Flip6,삼성,0,600000,1485000,KT,5G,폰케어 초이스 프리미엄,130000,2025-06-08 22:46:42
90000,150000,갤럭시 Z Flip6 마루는강쥐 에디션,삼성,0,600000,1507000,KT,5G,폰케어 초이스 프리미엄,130000,2025-06-08 22:46:42
9100,0,샤오미 레드미 14C,기타,340900,190000,199100,KT,5G,폰케어 초이스 프리미엄,130000,2025-06-08 22:46:42
100,0,시나모롤 키즈폰,기타,219900,320000,320100,KT,5G,폰케어 초이스 프리미엄,130000,2025-06-08 22:46:42
75000,35000,갤럭시 S24 512GB,삼성,0,500000,1298000,KT,5G,폰케어 초이스 프리미엄,130000,2025-06-08 22:46:42
75000,35000,갤럭시 S24,삼성,0,500000,1155000,KT,5G,폰케어 초이스 프리미엄,130000,2025-06-08 22:46:42
75000,35000,갤럭시 Z Fold6 1TB,삼성,0,500000,2704900,KT,5G,폰케어 초이스 프리미엄,130000,2025-06-08 22:46:42
75000,35000,갤럭시 Z Fold6 512GB,삼성,0,500000,2388100,KT,5G,폰케어 초이스 프리미엄,130000,2025-06-08 22:46:42
75000,35000,갤럭시 Z Fold6,삼성,0,500000,2229700,KT,5G,폰케어 초이스 프리미엄,130000,2025-06-08 22:46:42
57000,0,갤럭시 Jump3,삼성,103000,380000,438900,KT,5G,폰케어 초이스 프리미엄,130000,2025-06-08 22:46:42
700,0,샤오미 레드미노트 12,기타,290300,249000,249700,KT,5G,폰케어 초이스 프리미엄,130000,2025-06-08 22:46:42
2800,0,샤오미 레드미노트 13 Pro 5G,기타,190200,347000,349800,KT,5G,폰케어 초이스 프리미엄,130000,2025-06-08 22:46:45
8300,0,샤오미 레드미노트 13 Pro 5G 512GB,기타,140700,391000,399300,KT,5G,폰케어 초이스 프리미엄,130000,2025-06-08 22:46:45
75000,35000,갤럭시 S24 Ultra 512GB,삼성,0,500000,1841400,KT,5G,폰케어 초이스 프리미엄,130000,2025-06-08 22:46:45
75000,35000,갤럭시 S24+ 512GB,삼성,0,500000,1496000,KT,5G,폰케어 초이스 프리미엄,130000,2025-06-08 22:46:45
75000,35000,갤럭시 S24 Ultra,삼성,0,500000,1698400,KT,5G,폰케어 초이스 프리미엄,130000,2025-06-08 22:46:45
75000,35000,갤럭시 S24+,삼성,0,500000,1353000,KT,5G,폰케어 초이스 프리미엄,130000,2025-06-08 22:46:45
600,0,스타일 폴더,기타,302400,237000,237600,KT,5G,폰케어 초이스 프리미엄,130000,2025-06-08 22:46:45
75000,35000,갤럭시 S25 엣지 512GB,삼성,0,500000,1639000,KT,5G,소상공인 초이스 프리미엄,130000,2025-06-08 22:47:04
75000,35000,갤럭시 S25 엣지 256GB,삼성,0,500000,1496000,KT,5G,소상공인 초이스 프리미엄,130000,2025-06-08 22:47:04
105000,265000,갤럭시 S25 Ultra 1TB,삼성,0,700000,2127400,KT,5G,소상공인 초이스 프리미엄,130000,2025-06-08 22:47:04
105000,265000,갤럭시 S25 Ultra 512GB,삼성,0,700000,1841400,KT,5G,소상공인 초이스 프리미엄,130000,2025-06-08 22:47:04
105000,265000,갤럭시 S25 Ultra 256GB,삼성,0,700000,1698400,KT,5G,소상공인 초이스 프리미엄,130000,2025-06-08 22:47:04
105000,265000,갤럭시 S25+ 512GB,삼성,0,700000,1496000,KT,5G,소상공인 초이스 프리미엄,130000,2025-06-08 22:47:04
105000,265000,갤럭시 S25+ 256GB,삼성,0,700000,1353000,KT,5G,소상공인 초이스 프리미엄,130000,2025-06-08 22:47:04
105000,265000,갤럭시 S25 512GB,삼성,0,700000,1298000,KT,5G,소상공인 초이스 프리미엄,130000,2025-06-08 22:47:04
105000,265000,갤럭시 S25 256GB,삼성,0,700000,1155000,KT,5G,소상공인 초이스 프리미엄,130000,2025-06-08 22:47:04
105000,265000,갤럭시 S25 크록스 토이스토리 에디션 256GB,삼성,0,700000,1177000,KT,5G,소상공인 초이스 프리미엄,130000,2025-06-08 22:47:04
105000,265000,iPhone 16 Pro Max 1TB,기타,0,700000,2497000,KT,5G,소상공인 초이스 프리미엄,130000,2025-06-08 22:47:04
105000,265000,iPhone 16 Pro Max 512GB,기타,0,700000,2200000,KT,5G,소상공인 초이스 프리미엄,130000,2025-06-08 22:47:04
105000,265000,iPhone 16 Pro Max 256GB,기타,0,700000,1892000,KT,5G,소상공인 초이스 프리미엄,130000,2025-06-08 22:47:05
105000,265000,iPhone 16 Pro 1TB,기타,0,700000,2299000,KT,5G,소상공인 초이스 프리미엄,130000,2025-06-08 22:47:05
105000,265000,iPhone 16 Pro 512GB,기타,0,700000,1991000,KT,5G,소상공인 초이스 프리미엄,130000,2025-06-08 22:47:05
105000,265000,iPhone 16 Pro 256GB,기타,0,700000,1694000,KT,5G,소상공인 초이스 프리미엄,130000,2025-06-08 22:47:05
105000,265000,iPhone 16 Pro 128GB,기타,0,700000,1540000,KT,5G,소상공인 초이스 프리미엄,130000,2025-06-08 22:47:05
105000,265000,iPhone 16 Plus 512GB,기타,0,700000,1793000,KT,5G,소상공인 초이스 프리미엄,130000,2025-06-08 22:47:05
105000,265000,iPhone 16 Plus 256GB,기타,0,700000,1496000,KT,5G,소상공인 초이스 프리미엄,130000,2025-06-08 22:47:05
105000,265000,iPhone 16 Plus 128GB,기타,0,700000,1342000,KT,5G,소상공인 초이스 프리미엄,130000,2025-06-08 22:47:05
105000,265000,iPhone 16 512GB,기타,0,700000,1694000,KT,5G,소상공인 초이스 프리미엄,130000,2025-06-08 22:47:05
105000,265000,iPhone 16 256GB,기타,0,700000,1397000,KT,5G,소상공인 초이스 프리미엄,130000,2025-06-08 22:47:05
105000,265000,iPhone 16 128GB,기타,0,700000,1243000,KT,5G,소상공인 초이스 프리미엄,130000,2025-06-08 22:47:05
75000,35000,iPhone 16e 512GB,기타,0,500000,1430000,KT,5G,소상공인 초이스 프리미엄,130000,2025-06-08 22:47:05
75000,35000,iPhone 16e 256GB,기타,0,500000,1133000,KT,5G,소상공인 초이스 프리미엄,130000,2025-06-08 22:47:08
75000,35000,iPhone 16e 128GB,기타,0,500000,990000,KT,5G,소상공인 초이스 프리미엄,130000,2025-06-08 22:47:08
90000,150000,갤럭시 S24 FE,삼성,0,600000,946000,KT,5G,소상공인 초이스 프리미엄,130000,2025-06-08 22:47:08
19000,0,갤럭시 A16,삼성,221000,300000,319000,KT,5G,소상공인 초이스 프리미엄,130000,2025-06-08 22:47:08
400,0,맘편안폰3,기타,40600,499000,499400,KT,5G,소상공인 초이스 프리미엄,130000,2025-06-08 22:47:08
900,0,갤럭시 A25 5G,삼성,90100,449000,449900,KT,5G,소상공인 초이스 프리미엄,130000,2025-06-08 22:47:08
19000,0,갤럭시 A15,삼성,221000,300000,319000,KT,5G,소상공인 초이스 프리미엄,130000,2025-06-08 22:47:08
27200,0,moto g34 5G 128GB,기타,328800,184000,211200,KT,5G,소상공인 초이스 프리미엄,130000,2025-06-08 22:47:08
22500,0,클래식 폴더 64GB,기타,367500,150000,205700,KT,5G,소상공인 초이스 프리미엄,130000,2025-06-08 22:47:08
90000,150000,갤럭시 S23 Ultra,삼성,0,600000,1599400,KT,5G,소상공인 초이스 프리미엄,130000,2025-06-08 22:47:08
90000,150000,갤럭시 S23+,삼성,0,600000,1353000,KT,5G,소상공인 초이스 프리미엄,130000,2025-06-08 22:47:08
105000,265000,iPhone 14 Pro 1T,기타,0,700000,1969000,KT,5G,소상공인 초이스 프리미엄,130000,2025-06-08 22:47:08
105000,265000,iPhone 14 Pro 512G,기타,0,700000,1661000,KT,5G,소상공인 초이스 프리미엄,130000,2025-06-08 22:47:09
105000,265000,iPhone 14 Pro 256G,기타,0,700000,1364000,KT,5G,소상공인 초이스 프리미엄,130000,2025-06-08 22:47:09
105000,265000,iPhone 14 Pro 128G,기타,0,700000,1210000,KT,5G,소상공인 초이스 프리미엄,130000,2025-06-08 22:47:09
105000,265000,iPhone 14 Pro Max 1T,기타,0,700000,2167000,KT,5G,소상공인 초이스 프리미엄,130000,2025-06-08 22:47:09
105000,265000,iPhone 14 Pro Max 512G,기타,0,700000,1870000,KT,5G,소상공인 초이스 프리미엄,130000,2025-06-08 22:47:09
105000,265000,iPhone 14 Pro Max 256G,기타,0,700000,1562000,KT,5G,소상공인 초이스 프리미엄,130000,2025-06-08 22:47:09
105000,265000,iPhone 14 Pro Max 128G,기타,0,700000,1419000,KT,5G,소상공인 초이스 프리미엄,130000,2025-06-08 22:47:09
90000,150000,iPhone 14 512G,기타,0,600000,1364000,KT,5G,소상공인 초이스 프리미엄,130000,2025-06-08 22:47:09
90000,150000,iPhone 14 256G,기타,0,600000,1067000,KT,5G,소상공인 초이스 프리미엄,130000,2025-06-08 22:47:09
90000,150000,iPhone 14 128G,기타,0,600000,913000,KT,5G,소상공인 초이스 프리미엄,130000,2025-06-08 22:47:09
90000,150000,iPhone 14 Plus 512G,기타,0,600000,1463000,KT,5G,소상공인 초이스 프리미엄,130000,2025-06-08 22:47:09
90000,150000,iPhone 14 Plus 256G,기타,0,600000,1166000,KT,5G,소상공인 초이스 프리미엄,130000,2025-06-08 22:47:09
90000,150000,iPhone 14 Plus 128G,기타,0,600000,1012000,KT,5G,소상공인 초이스 프리미엄,130000,2025-06-08 22:47:13
51000,0,갤럭시 A24,삼성,144000,345000,396000,KT,5G,소상공인 초이스 프리미엄,130000,2025-06-08 22:47:13
22500,0,샤오미 레드미노트 14 Pro 5G,기타,367500,150000,399300,KT,5G,소상공인 초이스 프리미엄,130000,2025-06-08 22:47:13
64400,0,샤오미 레드미노트 14 Pro 5G 512GB,기타,40600,435000,499400,KT,5G,소상공인 초이스 프리미엄,130000,2025-06-08 22:47:13
90000,150000,갤럭시 Z Fold5 512GB,삼성,0,600000,2018500,KT,5G,소상공인 초이스 프리미엄,130000,2025-06-08 22:47:13
90000,150000,갤럭시 Z Fold5,삼성,0,600000,1897500,KT,5G,소상공인 초이스 프리미엄,130000,2025-06-08 22:47:13
90000,150000,갤럭시 Z Flip5 512GB,삼성,0,600000,1421200,KT,5G,소상공인 초이스 프리미엄,130000,2025-06-08 22:47:13
90000,150000,갤럭시 Z Flip5,삼성,0,600000,1300200,KT,5G,소상공인 초이스 프리미엄,130000,2025-06-08 22:47:13
90000,150000,iPhone 13 128G,기타,0,600000,748000,KT,5G,소상공인 초이스 프리미엄,130000,2025-06-08 22:47:13
45000,0,포차코 키즈폰,기타,195000,300000,349800,KT,5G,소상공인 초이스 프리미엄,130000,2025-06-08 22:47:13
19800,0,모토로라 엣지 50 퓨전,기타,190200,330000,349800,KT,5G,소상공인 초이스 프리미엄,130000,2025-06-08 22:47:13
90000,150000,iPhone 15 Pro 1T,기타,0,600000,2079000,KT,5G,소상공인 초이스 프리미엄,130000,2025-06-08 22:47:13
90000,150000,iPhone 15 Pro 512G,기타,0,600000,1771000,KT,5G,소상공인 초이스 프리미엄,130000,2025-06-08 22:47:15
90000,150000,iPhone 15 Pro 256G,기타,0,600000,1474000,KT,5G,소상공인 초이스 프리미엄,130000,2025-06-08 22:47:15
90000,150000,iPhone 15 Pro 128G,기타,0,600000,1320000,KT,5G,소상공인 초이스 프리미엄,130000,2025-06-08 22:47:15
90000,150000,iPhone 15 Pro Max 1T,기타,0,600000,2277000,KT,5G,소상공인 초이스 프리미엄,130000,2025-06-08 22:47:15
90000,150000,iPhone 15 Pro Max 512G,기타,0,600000,1980000,KT,5G,소상공인 초이스 프리미엄,130000,2025-06-08 22:47:15
90000,150000,iPhone 15 Pro Max 256G,기타,0,600000,1672000,KT,5G,소상공인 초이스 프리미엄,130000,2025-06-08 22:47:15
90000,150000,iPhone 15 512G,기타,0,600000,1474000,KT,5G,소상공인 초이스 프리미엄,130000,2025-06-08 22:47:15
90000,150000,iPhone 15 256G,기타,0,600000,1177000,KT,5G,소상공인 초이스 프리미엄,130000,2025-06-08 22:47:15
90000,150000,iPhone 15 128G,기타,0,600000,1023000,KT,5G,소상공인 초이스 프리미엄,130000,2025-06-08 22:47:15
90000,150000,iPhone 15 Plus 512G,기타,0,600000,1573000,KT,5G,소상공인 초이스 프리미엄,130000,2025-06-08 22:47:15
90000,150000,iPhone 15 Plus 256G,기타,0,600000,1276000,KT,5G,소상공인 초이스 프리미엄,130000,2025-06-08 22:47:15
90000,150000,iPhone 15 Plus 128G,기타,0,600000,1122000,KT,5G,소상공인 초이스 프리미엄,130000,2025-06-08 22:47:15
90000,150000,갤럭시 Z Flip6 512GB,삼성,0,600000,1643400,KT,5G,소상공인 초이스 프리미엄,130000,2025-06-08 22:47:16
90000,150000,갤럭시 Z Flip6,삼성,0,600000,1485000,KT,5G,소상공인 초이스 프리미엄,130000,2025-06-08 22:47:16
90000,150000,갤럭시 Z Flip6 마루는강쥐 에디션,삼성,0,600000,1507000,KT,5G,소상공인 초이스 프리미엄,130000,2025-06-08 22:47:16
9100,0,샤오미 레드미 14C,기타,340900,190000,199100,KT,5G,소상공인 초이스 프리미엄,130000,2025-06-08 22:47:16
100,0,시나모롤 키즈폰,기타,219900,320000,320100,KT,5G,소상공인 초이스 프리미엄,130000,2025-06-08 22:47:16
75000,35000,갤럭시 S24 512GB,삼성,0,500000,1298000,KT,5G,소상공인 초이스 프리미엄,130000,2025-06-08 22:47:16
75000,35000,갤럭시 S24,삼성,0,500000,1155000,KT,5G,소상공인 초이스 프리미엄,130000,2025-06-08 22:47:16
75000,35000,갤럭시 Z Fold6 1TB,삼성,0,500000,2704900,KT,5G,소상공인 초이스 프리미엄,130000,2025-06-08 22:47:16
75000,35000,갤럭시 Z Fold6 512GB,삼성,0,500000,2388100,KT,5G,소상공인 초이스 프리미엄,130000,2025-06-08 22:47:16
75000,35000,갤럭시 Z Fold6,삼성,0,500000,2229700,KT,5G,소상공인 초이스 프리미엄,130000,2025-06-08 22:47:16
57000,0,갤럭시 Jump3,삼성,103000,380000,438900,KT,5G,소상공인 초이스 프리미엄,130000,2025-06-08 22:47:16
700,0,샤오미 레드미노트 12,기타,290300,249000,249700,KT,5G,소상공인 초이스 프리미엄,130000,2025-06-08 22:47:16
2800,0,샤오미 레드미노트 13 Pro 5G,기타,190200,347000,349800,KT,5G,소상공인 초이스 프리미엄,130000,2025-06-08 22:47:18
8300,0,샤오미 레드미노트 13 Pro 5G 512GB,기타,140700,391000,399300,KT,5G,소상공인 초이스 프리미엄,130000,2025-06-08 22:47:18
75000,35000,갤럭시 S24 Ultra 512GB,삼성,0,500000,1841400,KT,5G,소상공인 초이스 프리미엄,130000,2025-06-08 22:47:18
75000,35000,갤럭시 S24+ 512GB,삼성,0,500000,1496000,KT,5G,소상공인 초이스 프리미엄,130000,2025-06-08 22:47:18
75000,35000,갤럭시 S24 Ultra,삼성,0,500000,1698400,KT,5G,소상공인 초이스 프리미엄,130000,2025-06-08 22:47:18
75000,35000,갤럭시 S24+,삼성,0,500000,1353000,KT,5G,소상공인 초이스 프리미엄,130000,2025-06-08 22:47:18
600,0,스타일 폴더,기타,302400,237000,237600,KT,5G,소상공인 초이스 프리미엄,130000,2025-06-08 22:47:18
75000,35000,갤럭시 S25 엣지 512GB,삼성,0,500000,1639000,KT,5G,소상공인 초이스 스페셜,110000,2025-06-08 22:47:09
75000,35000,갤럭시 S25 엣지 256GB,삼성,0,500000,1496000,KT,5G,소상공인 초이스 스페셜,110000,2025-06-08 22:47:09
105000,265000,갤럭시 S25 Ultra 1TB,삼성,0,700000,2127400,KT,5G,소상공인 초이스 스페셜,110000,2025-06-08 22:47:09
105000,265000,갤럭시 S25 Ultra 512GB,삼성,0,700000,1841400,KT,5G,소상공인 초이스 스페셜,110000,2025-06-08 22:47:09
105000,265000,갤럭시 S25 Ultra 256GB,삼성,0,700000,1698400,KT,5G,소상공인 초이스 스페셜,110000,2025-06-08 22:47:09
105000,265000,갤럭시 S25+ 512GB,삼성,0,700000,1496000,KT,5G,소상공인 초이스 스페셜,110000,2025-06-08 22:47:09
105000,265000,갤럭시 S25+ 256GB,삼성,0,700000,1353000,KT,5G,소상공인 초이스 스페셜,110000,2025-06-08 22:47:09
105000,265000,갤럭시 S25 512GB,삼성,0,700000,1298000,KT,5G,소상공인 초이스 스페셜,110000,2025-06-08 22:47:09
105000,265000,갤럭시 S25 256GB,삼성,0,700000,1155000,KT,5G,소상공인 초이스 스페셜,110000,2025-06-08 22:47:09
105000,265000,갤럭시 S25 크록스 토이스토리 에디션 256GB,삼성,0,700000,1177000,KT,5G,소상공인 초이스 스페셜,110000,2025-06-08 22:47:09
105000,265000,iPhone 16 Pro Max 1TB,기타,0,700000,2497000,KT,5G,소상공인 초이스 스페셜,110000,2025-06-08 22:47:09
105000,265000,iPhone 16 Pro Max 512GB,기타,0,700000,2200000,KT,5G,소상공인 초이스 스페셜,110000,2025-06-08 22:47:09
105000,265000,iPhone 16 Pro Max 256GB,기타,0,700000,1892000,KT,5G,소상공인 초이스 스페셜,110000,2025-06-08 22:47:13
105000,265000,iPhone 16 Pro 1TB,기타,0,700000,2299000,KT,5G,소상공인 초이스 스페셜,110000,2025-06-08 22:47:13
105000,265000,iPhone 16 Pro 512GB,기타,0,700000,1991000,KT,5G,소상공인 초이스 스페셜,110000,2025-06-08 22:47:13
105000,265000,iPhone 16 Pro 256GB,기타,0,700000,1694000,KT,5G,소상공인 초이스 스페셜,110000,2025-06-08 22:47:13
105000,265000,iPhone 16 Pro 128GB,기타,0,700000,1540000,KT,5G,소상공인 초이스 스페셜,110000,2025-06-08 22:47:13
105000,265000,iPhone 16 Plus 512GB,기타,0,700000,1793000,KT,5G,소상공인 초이스 스페셜,110000,2025-06-08 22:47:13
105000,265000,iPhone 16 Plus 256GB,기타,0,700000,1496000,KT,5G,소상공인 초이스 스페셜,110000,2025-06-08 22:47:13
105000,265000,iPhone 16 Plus 128GB,기타,0,700000,1342000,KT,5G,소상공인 초이스 스페셜,110000,2025-06-08 22:47:13
105000,265000,iPhone 16 512GB,기타,0,700000,1694000,KT,5G,소상공인 초이스 스페셜,110000,2025-06-08 22:47:13
105000,265000,iPhone 16 256GB,기타,0,700000,1397000,KT,5G,소상공인 초이스 스페셜,110000,2025-06-08 22:47:13
105000,265000,iPhone 16 128GB,기타,0,700000,1243000,KT,5G,소상공인 초이스 스페셜,110000,2025-06-08 22:47:13
75000,35000,iPhone 16e 512GB,기타,0,500000,1430000,KT,5G,소상공인 초이스 스페셜,110000,2025-06-08 22:47:13
75000,35000,iPhone 16e 256GB,기타,0,500000,1133000,KT,5G,소상공인 초이스 스페셜,110000,2025-06-08 22:47:15
75000,35000,iPhone 16e 128GB,기타,0,500000,990000,KT,5G,소상공인 초이스 스페셜,110000,2025-06-08 22:47:15
90000,150000,갤럭시 S24 FE,삼성,0,600000,946000,KT,5G,소상공인 초이스 스페셜,110000,2025-06-08 22:47:15
19000,0,갤럭시 A16,삼성,221000,300000,319000,KT,5G,소상공인 초이스 스페셜,110000,2025-06-08 22:47:15
400,0,맘편안폰3,기타,40600,499000,499400,KT,5G,소상공인 초이스 스페셜,110000,2025-06-08 22:47:15
900,0,갤럭시 A25 5G,삼성,90100,449000,449900,KT,5G,소상공인 초이스 스페셜,110000,2025-06-08 22:47:15
19000,0,갤럭시 A15,삼성,221000,300000,319000,KT,5G,소상공인 초이스 스페셜,110000,2025-06-08 22:47:15
27200,0,moto g34 5G 128GB,기타,328800,184000,211200,KT,5G,소상공인 초이스 스페셜,110000,2025-06-08 22:47:15
22500,0,클래식 폴더 64GB,기타,367500,150000,205700,KT,5G,소상공인 초이스 스페셜,110000,2025-06-08 22:47:15
90000,150000,갤럭시 S23 Ultra,삼성,0,600000,1599400,KT,5G,소상공인 초이스 스페셜,110000,2025-06-08 22:47:15
90000,150000,갤럭시 S23+,삼성,0,600000,1353000,KT,5G,소상공인 초이스 스페셜,110000,2025-06-08 22:47:15
105000,265000,iPhone 14 Pro 1T,기타,0,700000,1969000,KT,5G,소상공인 초이스 스페셜,110000,2025-06-08 22:47:15
105000,265000,iPhone 14 Pro 512G,기타,0,700000,1661000,KT,5G,소상공인 초이스 스페셜,110000,2025-06-08 22:47:16
105000,265000,iPhone 14 Pro 256G,기타,0,700000,1364000,KT,5G,소상공인 초이스 스페셜,110000,2025-06-08 22:47:16
105000,265000,iPhone 14 Pro 128G,기타,0,700000,1210000,KT,5G,소상공인 초이스 스페셜,110000,2025-06-08 22:47:16
105000,265000,iPhone 14 Pro Max 1T,기타,0,700000,2167000,KT,5G,소상공인 초이스 스페셜,110000,2025-06-08 22:47:16
105000,265000,iPhone 14 Pro Max 512G,기타,0,700000,1870000,KT,5G,소상공인 초이스 스페셜,110000,2025-06-08 22:47:16
105000,265000,iPhone 14 Pro Max 256G,기타,0,700000,1562000,KT,5G,소상공인 초이스 스페셜,110000,2025-06-08 22:47:16
105000,265000,iPhone 14 Pro Max 128G,기타,0,700000,1419000,KT,5G,소상공인 초이스 스페셜,110000,2025-06-08 22:47:16
90000,150000,iPhone 14 512G,기타,0,600000,1364000,KT,5G,소상공인 초이스 스페셜,110000,2025-06-08 22:47:16
90000,150000,iPhone 14 256G,기타,0,600000,1067000,KT,5G,소상공인 초이스 스페셜,110000,2025-06-08 22:47:16
90000,150000,iPhone 14 128G,기타,0,600000,913000,KT,5G,소상공인 초이스 스페셜,110000,2025-06-08 22:47:16
90000,150000,iPhone 14 Plus 512G,기타,0,600000,1463000,KT,5G,소상공인 초이스 스페셜,110000,2025-06-08 22:47:16
90000,150000,iPhone 14 Plus 256G,기타,0,600000,1166000,KT,5G,소상공인 초이스 스페셜,110000,2025-06-08 22:47:16
90000,150000,iPhone 14 Plus 128G,기타,0,600000,1012000,KT,5G,소상공인 초이스 스페셜,110000,2025-06-08 22:47:18
51000,0,갤럭시 A24,삼성,144000,345000,396000,KT,5G,소상공인 초이스 스페셜,110000,2025-06-08 22:47:18
22500,0,샤오미 레드미노트 14 Pro 5G,기타,367500,150000,399300,KT,5G,소상공인 초이스 스페셜,110000,2025-06-08 22:47:18
64400,0,샤오미 레드미노트 14 Pro 5G 512GB,기타,40600,435000,499400,KT,5G,소상공인 초이스 스페셜,110000,2025-06-08 22:47:18
90000,150000,갤럭시 Z Fold5 512GB,삼성,0,600000,2018500,KT,5G,소상공인 초이스 스페셜,110000,2025-06-08 22:47:18
90000,150000,갤럭시 Z Fold5,삼성,0,600000,1897500,KT,5G,소상공인 초이스 스페셜,110000,2025-06-08 22:47:18
90000,150000,갤럭시 Z Flip5 512GB,삼성,0,600000,1421200,KT,5G,소상공인 초이스 스페셜,110000,2025-06-08 22:47:18
90000,150000,갤럭시 Z Flip5,삼성,0,600000,1300200,KT,5G,소상공인 초이스 스페셜,110000,2025-06-08 22:47:18
90000,150000,iPhone 13 128G,기타,0,600000,748000,KT,5G,소상공인 초이스 스페셜,110000,2025-06-08 22:47:18
45000,0,포차코 키즈폰,기타,195000,300000,349800,KT,5G,소상공인 초이스 스페셜,110000,2025-06-08 22:47:18
19800,0,모토로라 엣지 50 퓨전,기타,190200,330000,349800,KT,5G,소상공인 초이스 스페셜,110000,2025-06-08 22:47:18
90000,150000,iPhone 15 Pro 1T,기타,0,600000,2079000,KT,5G,소상공인 초이스 스페셜,110000,2025-06-08 22:47:18
90000,150000,iPhone 15 Pro 512G,기타,0,600000,1771000,KT,5G,소상공인 초이스 스페셜,110000,2025-06-08 22:47:19
90000,150000,iPhone 15 Pro 256G,기타,0,600000,1474000,KT,5G,소상공인 초이스 스페셜,110000,2025-06-08 22:47:19
90000,150000,iPhone 15 Pro 128G,기타,0,600000,1320000,KT,5G,소상공인 초이스 스페셜,110000,2025-06-08 22:47:19
90000,150000,iPhone 15 Pro Max 1T,기타,0,600000,2277000,KT,5G,소상공인 초이스 스페셜,110000,2025-06-08 22:47:19
90000,150000,iPhone 15 Pro Max 512G,기타,0,600000,1980000,KT,5G,소상공인 초이스 스페셜,110000,2025-06-08 22:47:19
90000,150000,iPhone 15 Pro Max 256G,기타,0,600000,1672000,KT,5G,소상공인 초이스 스페셜,110000,2025-06-08 22:47:19
90000,150000,iPhone 15 512G,기타,0,600000,1474000,KT,5G,소상공인 초이스 스페셜,110000,2025-06-08 22:47:19
90000,150000,iPhone 15 256G,기타,0,600000,1177000,KT,5G,소상공인 초이스 스페셜,110000,2025-06-08 22:47:19
90000,150000,iPhone 15 128G,기타,0,600000,1023000,KT,5G,소상공인 초이스 스페셜,110000,2025-06-08 22:47:19
90000,150000,iPhone 15 Plus 512G,기타,0,600000,1573000,KT,5G,소상공인 초이스 스페셜,110000,2025-06-08 22:47:19
90000,150000,iPhone 15 Plus 256G,기타,0,600000,1276000,KT,5G,소상공인 초이스 스페셜,110000,2025-06-08 22:47:19
90000,150000,iPhone 15 Plus 128G,기타,0,600000,1122000,KT,5G,소상공인 초이스 스페셜,110000,2025-06-08 22:47:19
90000,150000,갤럭시 Z Flip6 512GB,삼성,0,600000,1643400,KT,5G,소상공인 초이스 스페셜,110000,2025-06-08 22:47:21
90000,150000,갤럭시 Z Flip6,삼성,0,600000,1485000,KT,5G,소상공인 초이스 스페셜,110000,2025-06-08 22:47:21
90000,150000,갤럭시 Z Flip6 마루는강쥐 에디션,삼성,0,600000,1507000,KT,5G,소상공인 초이스 스페셜,110000,2025-06-08 22:47:21
9100,0,샤오미 레드미 14C,기타,340900,190000,199100,KT,5G,소상공인 초이스 스페셜,110000,2025-06-08 22:47:21
100,0,시나모롤 키즈폰,기타,219900,320000,320100,KT,5G,소상공인 초이스 스페셜,110000,2025-06-08 22:47:21
75000,35000,갤럭시 S24 512GB,삼성,0,500000,1298000,KT,5G,소상공인 초이스 스페셜,110000,2025-06-08 22:47:21
75000,35000,갤럭시 S24,삼성,0,500000,1155000,KT,5G,소상공인 초이스 스페셜,110000,2025-06-08 22:47:21
75000,35000,갤럭시 Z Fold6 1TB,삼성,0,500000,2704900,KT,5G,소상공인 초이스 스페셜,110000,2025-06-08 22:47:21
75000,35000,갤럭시 Z Fold6 512GB,삼성,0,500000,2388100,KT,5G,소상공인 초이스 스페셜,110000,2025-06-08 22:47:21
75000,35000,갤럭시 Z Fold6,삼성,0,500000,2229700,KT,5G,소상공인 초이스 스페셜,110000,2025-06-08 22:47:21
57000,0,갤럭시 Jump3,삼성,103000,380000,438900,KT,5G,소상공인 초이스 스페셜,110000,2025-06-08 22:47:21
700,0,샤오미 레드미노트 12,기타,290300,249000,249700,KT,5G,소상공인 초이스 스페셜,110000,2025-06-08 22:47:21
2800,0,샤오미 레드미노트 13 Pro 5G,기타,190200,347000,349800,KT,5G,소상공인 초이스 스페셜,110000,2025-06-08 22:47:26
8300,0,샤오미 레드미노트 13 Pro 5G 512GB,기타,140700,391000,399300,KT,5G,소상공인 초이스 스페셜,110000,2025-06-08 22:47:26
75000,35000,갤럭시 S24 Ultra 512GB,삼성,0,500000,1841400,KT,5G,소상공인 초이스 스페셜,110000,2025-06-08 22:47:26
75000,35000,갤럭시 S24+ 512GB,삼성,0,500000,1496000,KT,5G,소상공인 초이스 스페셜,110000,2025-06-08 22:47:26
75000,35000,갤럭시 S24 Ultra,삼성,0,500000,1698400,KT,5G,소상공인 초이스 스페셜,110000,2025-06-08 22:47:26
75000,35000,갤럭시 S24+,삼성,0,500000,1353000,KT,5G,소상공인 초이스 스페셜,110000,2025-06-08 22:47:26
600,0,스타일 폴더,기타,302400,237000,237600,KT,5G,소상공인 초이스 스페셜,110000,2025-06-08 22:47:26
75000,35000,갤럭시 S25 엣지 512GB,삼성,0,500000,1639000,KT,5G,5G 심플 110GB,69000,2025-06-08 22:47:31
75000,35000,갤럭시 S25 엣지 256GB,삼성,0,500000,1496000,KT,5G,5G 심플 110GB,69000,2025-06-08 22:47:31
105000,265000,갤럭시 S25 Ultra 1TB,삼성,0,700000,2127400,KT,5G,5G 심플 110GB,69000,2025-06-08 22:47:31
105000,265000,갤럭시 S25 Ultra 512GB,삼성,0,700000,1841400,KT,5G,5G 심플 110GB,69000,2025-06-08 22:47:31
105000,265000,갤럭시 S25 Ultra 256GB,삼성,0,700000,1698400,KT,5G,5G 심플 110GB,69000,2025-06-08 22:47:31
105000,265000,갤럭시 S25+ 512GB,삼성,0,700000,1496000,KT,5G,5G 심플 110GB,69000,2025-06-08 22:47:31
105000,265000,갤럭시 S25+ 256GB,삼성,0,700000,1353000,KT,5G,5G 심플 110GB,69000,2025-06-08 22:47:31
105000,265000,갤럭시 S25 512GB,삼성,0,700000,1298000,KT,5G,5G 심플 110GB,69000,2025-06-08 22:47:31
105000,265000,갤럭시 S25 256GB,삼성,0,700000,1155000,KT,5G,5G 심플 110GB,69000,2025-06-08 22:47:31
105000,265000,갤럭시 S25 크록스 토이스토리 에디션 256GB,삼성,0,700000,1177000,KT,5G,5G 심플 110GB,69000,2025-06-08 22:47:31
105000,265000,iPhone 16 Pro Max 1TB,기타,0,700000,2497000,KT,5G,5G 심플 110GB,69000,2025-06-08 22:47:31
105000,265000,iPhone 16 Pro Max 512GB,기타,0,700000,2200000,KT,5G,5G 심플 110GB,69000,2025-06-08 22:47:31
105000,265000,iPhone 16 Pro Max 256GB,기타,0,700000,1892000,KT,5G,5G 심플 110GB,69000,2025-06-08 22:47:32
105000,265000,iPhone 16 Pro 1TB,기타,0,700000,2299000,KT,5G,5G 심플 110GB,69000,2025-06-08 22:47:32
105000,265000,iPhone 16 Pro 512GB,기타,0,700000,1991000,KT,5G,5G 심플 110GB,69000,2025-06-08 22:47:32
105000,265000,iPhone 16 Pro 256GB,기타,0,700000,1694000,KT,5G,5G 심플 110GB,69000,2025-06-08 22:47:32
105000,265000,iPhone 16 Pro 128GB,기타,0,700000,1540000,KT,5G,5G 심플 110GB,69000,2025-06-08 22:47:32
105000,265000,iPhone 16 Plus 512GB,기타,0,700000,1793000,KT,5G,5G 심플 110GB,69000,2025-06-08 22:47:32
105000,265000,iPhone 16 Plus 256GB,기타,0,700000,1496000,KT,5G,5G 심플 110GB,69000,2025-06-08 22:47:32
105000,265000,iPhone 16 Plus 128GB,기타,0,700000,1342000,KT,5G,5G 심플 110GB,69000,2025-06-08 22:47:32
105000,265000,iPhone 16 512GB,기타,0,700000,1694000,KT,5G,5G 심플 110GB,69000,2025-06-08 22:47:32
105000,265000,iPhone 16 256GB,기타,0,700000,1397000,KT,5G,5G 심플 110GB,69000,2025-06-08 22:47:32
105000,265000,iPhone 16 128GB,기타,0,700000,1243000,KT,5G,5G 심플 110GB,69000,2025-06-08 22:47:32
75000,35000,iPhone 16e 512GB,기타,0,500000,1430000,KT,5G,5G 심플 110GB,69000,2025-06-08 22:47:32
75000,35000,iPhone 16e 256GB,기타,0,500000,1133000,KT,5G,5G 심플 110GB,69000,2025-06-08 22:47:36
75000,35000,iPhone 16e 128GB,기타,0,500000,990000,KT,5G,5G 심플 110GB,69000,2025-06-08 22:47:36
90000,150000,갤럭시 S24 FE,삼성,0,600000,946000,KT,5G,5G 심플 110GB,69000,2025-06-08 22:47:36
19000,0,갤럭시 A16,삼성,221000,300000,319000,KT,5G,5G 심플 110GB,69000,2025-06-08 22:47:36
400,0,맘편안폰3,기타,40600,499000,499400,KT,5G,5G 심플 110GB,69000,2025-06-08 22:47:36
900,0,갤럭시 A25 5G,삼성,90100,449000,449900,KT,5G,5G 심플 110GB,69000,2025-06-08 22:47:36
19000,0,갤럭시 A15,삼성,221000,300000,319000,KT,5G,5G 심플 110GB,69000,2025-06-08 22:47:36
27200,0,moto g34 5G 128GB,기타,328800,184000,211200,KT,5G,5G 심플 110GB,69000,2025-06-08 22:47:36
22500,0,클래식 폴더 64GB,기타,367500,150000,205700,KT,5G,5G 심플 110GB,69000,2025-06-08 22:47:36
90000,150000,갤럭시 S23 Ultra,삼성,0,600000,1599400,KT,5G,5G 심플 110GB,69000,2025-06-08 22:47:36
90000,150000,갤럭시 S23+,삼성,0,600000,1353000,KT,5G,5G 심플 110GB,69000,2025-06-08 22:47:36
105000,265000,iPhone 14 Pro 1T,기타,0,700000,1969000,KT,5G,5G 심플 110GB,69000,2025-06-08 22:47:36
105000,265000,iPhone 14 Pro 512G,기타,0,700000,1661000,KT,5G,5G 심플 110GB,69000,2025-06-08 22:47:40
105000,265000,iPhone 14 Pro 256G,기타,0,700000,1364000,KT,5G,5G 심플 110GB,69000,2025-06-08 22:47:40
105000,265000,iPhone 14 Pro 128G,기타,0,700000,1210000,KT,5G,5G 심플 110GB,69000,2025-06-08 22:47:40
105000,265000,iPhone 14 Pro Max 1T,기타,0,700000,2167000,KT,5G,5G 심플 110GB,69000,2025-06-08 22:47:40
105000,265000,iPhone 14 Pro Max 512G,기타,0,700000,1870000,KT,5G,5G 심플 110GB,69000,2025-06-08 22:47:40
105000,265000,iPhone 14 Pro Max 256G,기타,0,700000,1562000,KT,5G,5G 심플 110GB,69000,2025-06-08 22:47:40
105000,265000,iPhone 14 Pro Max 128G,기타,0,700000,1419000,KT,5G,5G 심플 110GB,69000,2025-06-08 22:47:40
90000,150000,iPhone 14 512G,기타,0,600000,1364000,KT,5G,5G 심플 110GB,69000,2025-06-08 22:47:40
90000,150000,iPhone 14 256G,기타,0,600000,1067000,KT,5G,5G 심플 110GB,69000,2025-06-08 22:47:40
90000,150000,iPhone 14 128G,기타,0,600000,913000,KT,5G,5G 심플 110GB,69000,2025-06-08 22:47:40
90000,150000,iPhone 14 Plus 512G,기타,0,600000,1463000,KT,5G,5G 심플 110GB,69000,2025-06-08 22:47:40
90000,150000,iPhone 14 Plus 256G,기타,0,600000,1166000,KT,5G,5G 심플 110GB,69000,2025-06-08 22:47:40
90000,150000,iPhone 14 Plus 128G,기타,0,600000,1012000,KT,5G,5G 심플 110GB,69000,2025-06-08 22:47:45
51000,0,갤럭시 A24,삼성,144000,345000,396000,KT,5G,5G 심플 110GB,69000,2025-06-08 22:47:45
22500,0,샤오미 레드미노트 14 Pro 5G,기타,367500,150000,399300,KT,5G,5G 심플 110GB,69000,2025-06-08 22:47:45
64400,0,샤오미 레드미노트 14 Pro 5G 512GB,기타,40600,435000,499400,KT,5G,5G 심플 110GB,69000,2025-06-08 22:47:45
90000,150000,갤럭시 Z Fold5 512GB,삼성,0,600000,2018500,KT,5G,5G 심플 110GB,69000,2025-06-08 22:47:45
90000,150000,갤럭시 Z Fold5,삼성,0,600000,1897500,KT,5G,5G 심플 110GB,69000,2025-06-08 22:47:45
90000,150000,갤럭시 Z Flip5 512GB,삼성,0,600000,1421200,KT,5G,5G 심플 110GB,69000,2025-06-08 22:47:45
90000,150000,갤럭시 Z Flip5,삼성,0,600000,1300200,KT,5G,5G 심플 110GB,69000,2025-06-08 22:47:45
90000,150000,iPhone 13 128G,기타,0,600000,748000,KT,5G,5G 심플 110GB,69000,2025-06-08 22:47:45
45000,0,포차코 키즈폰,기타,195000,300000,349800,KT,5G,5G 심플 110GB,69000,2025-06-08 22:47:45
19800,0,모토로라 엣지 50 퓨전,기타,190200,330000,349800,KT,5G,5G 심플 110GB,69000,2025-06-08 22:47:45
90000,150000,iPhone 15 Pro 1T,기타,0,600000,2079000,KT,5G,5G 심플 110GB,69000,2025-06-08 22:47:45
90000,150000,iPhone 15 Pro 512G,기타,0,600000,1771000,KT,5G,5G 심플 110GB,69000,2025-06-08 22:47:46
90000,150000,iPhone 15 Pro 256G,기타,0,600000,1474000,KT,5G,5G 심플 110GB,69000,2025-06-08 22:47:46
90000,150000,iPhone 15 Pro 128G,기타,0,600000,1320000,KT,5G,5G 심플 110GB,69000,2025-06-08 22:47:46
90000,150000,iPhone 15 Pro Max 1T,기타,0,600000,2277000,KT,5G,5G 심플 110GB,69000,2025-06-08 22:47:46
90000,150000,iPhone 15 Pro Max 512G,기타,0,600000,1980000,KT,5G,5G 심플 110GB,69000,2025-06-08 22:47:46
90000,150000,iPhone 15 Pro Max 256G,기타,0,600000,1672000,KT,5G,5G 심플 110GB,69000,2025-06-08 22:47:46
90000,150000,iPhone 15 512G,기타,0,600000,1474000,KT,5G,5G 심플 110GB,69000,2025-06-08 22:47:46
90000,150000,iPhone 15 256G,기타,0,600000,1177000,KT,5G,5G 심플 110GB,69000,2025-06-08 22:47:46
90000,150000,iPhone 15 128G,기타,0,600000,1023000,KT,5G,5G 심플 110GB,69000,2025-06-08 22:47:46
90000,150000,iPhone 15 Plus 512G,기타,0,600000,1573000,KT,5G,5G 심플 110GB,69000,2025-06-08 22:47:46
90000,150000,iPhone 15 Plus 256G,기타,0,600000,1276000,KT,5G,5G 심플 110GB,69000,2025-06-08 22:47:46
90000,150000,iPhone 15 Plus 128G,기타,0,600000,1122000,KT,5G,5G 심플 110GB,69000,2025-06-08 22:47:46
90000,150000,갤럭시 Z Flip6 512GB,삼성,0,600000,1643400,KT,5G,5G 심플 110GB,69000,2025-06-08 22:47:48
90000,150000,갤럭시 Z Flip6,삼성,0,600000,1485000,KT,5G,5G 심플 110GB,69000,2025-06-08 22:47:48
90000,150000,갤럭시 Z Flip6 마루는강쥐 에디션,삼성,0,600000,1507000,KT,5G,5G 심플 110GB,69000,2025-06-08 22:47:48
9100,0,샤오미 레드미 14C,기타,340900,190000,199100,KT,5G,5G 심플 110GB,69000,2025-06-08 22:47:48
100,0,시나모롤 키즈폰,기타,219900,320000,320100,KT,5G,5G 심플 110GB,69000,2025-06-08 22:47:48
75000,35000,갤럭시 S24 512GB,삼성,0,500000,1298000,KT,5G,5G 심플 110GB,69000,2025-06-08 22:47:48
75000,35000,갤럭시 S24,삼성,0,500000,1155000,KT,5G,5G 심플 110GB,69000,2025-06-08 22:47:48
75000,35000,갤럭시 Z Fold6 1TB,삼성,0,500000,2704900,KT,5G,5G 심플 110GB,69000,2025-06-08 22:47:48
75000,35000,갤럭시 Z Fold6 512GB,삼성,0,500000,2388100,KT,5G,5G 심플 110GB,69000,2025-06-08 22:47:48
75000,35000,갤럭시 Z Fold6,삼성,0,500000,2229700,KT,5G,5G 심플 110GB,69000,2025-06-08 22:47:48
57000,0,갤럭시 Jump3,삼성,103000,380000,438900,KT,5G,5G 심플 110GB,69000,2025-06-08 22:47:48
700,0,샤오미 레드미노트 12,기타,290300,249000,249700,KT,5G,5G 심플 110GB,69000,2025-06-08 22:47:48
2800,0,샤오미 레드미노트 13 Pro 5G,기타,190200,347000,349800,KT,5G,5G 심플 110GB,69000,2025-06-08 22:47:49
8300,0,샤오미 레드미노트 13 Pro 5G 512GB,기타,140700,391000,399300,KT,5G,5G 심플 110GB,69000,2025-06-08 22:47:49
75000,35000,갤럭시 S24 Ultra 512GB,삼성,0,500000,1841400,KT,5G,5G 심플 110GB,69000,2025-06-08 22:47:49
75000,35000,갤럭시 S24+ 512GB,삼성,0,500000,1496000,KT,5G,5G 심플 110GB,69000,2025-06-08 22:47:49
75000,35000,갤럭시 S24 Ultra,삼성,0,500000,1698400,KT,5G,5G 심플 110GB,69000,2025-06-08 22:47:49
75000,35000,갤럭시 S24+,삼성,0,500000,1353000,KT,5G,5G 심플 110GB,69000,2025-06-08 22:47:49
600,0,스타일 폴더,기타,302400,237000,237600,KT,5G,5G 심플 110GB,69000,2025-06-08 22:47:49
